ID,Condition,Condition_Control,Condition_Luxury,Condition_Animals,Condition_Memes,Finished,Attrite,SWB,LifeSatisfaction7,LifeSatisfaction5,NetAffect,PositiveAffect,NegativeAffect,Female,Age,Time_Images,L1,L2,L3,L4,L5,interested,excited,strong,enthusiastic,proud,alert,inspired,determined,attentive,active,distressed,upset,guilty,scared,hostile,irritable,ashamed,nervous,jittery,afraid
10001,Animals,0,0,1,0,1,0,4.2,5.2,3.8,4.6,4.2,1,0,32,5.072,5,4,6,5,6,5,4,3,4,3,5,4,5,5,4,1,1,1,1,1,1,1,1,1,1
10002,Control,1,0,0,0,1,0,3.208333333,2,1.666666667,4.75,4.5,1,0,36,3.801,2,2,2,2,2,5,3,4,5,4,5,4,5,5,5,1,1,1,1,1,1,1,1,1,1
10003,Control,1,0,0,0,1,0,3.625,5.2,3.8,3.45,2.2,1.3,1,29,2.674,7,6,5,5,3,5,1,1,5,1,1,1,5,1,1,1,1,1,1,1,1,1,1,4,1
10004,Animals,0,0,1,0,1,0,2.991666667,3,2.333333333,3.65,2.3,1,0,30,5.712,3,4,3,4,1,2,2,3,1,1,4,2,2,4,2,1,1,1,1,1,1,1,1,1,1
10005,Luxury,0,1,0,0,1,0,3.866666667,6.6,4.733333333,3,4.5,4.5,0,40,6.177,7,6,6,7,7,5,4,5,4,5,4,4,4,5,5,5,4,4,5,5,4,5,4,4,5
10006,Control,1,0,0,0,1,0,2.608333333,2,1.666666667,3.55,2.1,1,0,30,11.811,2,2,2,2,2,3,2,1,2,1,3,1,3,3,2,1,1,1,1,1,1,1,1,1,1
10007,Luxury,0,1,0,0,1,0,4.575,7,5,4.15,3.3,1,0,37,2.802,7,7,7,7,7,1,3,3,3,3,4,3,4,5,4,1,1,1,1,1,1,1,1,1,1
10008,Luxury,0,1,0,0,1,0,3.708333333,5,3.666666667,3.75,2.8,1.3,0,23,10.362,4,6,6,5,4,4,4,1,1,2,2,4,4,3,3,2,1,1,1,1,1,3,1,1,1
10009,Luxury,0,1,0,0,1,0,3.366666667,4.8,3.533333333,3.2,1.5,1.1,0,37,18.483,5,5,6,5,3,3,1,1,1,1,2,1,1,2,2,1,1,1,1,1,2,1,1,1,1
10010,Control,1,0,0,0,1,0,3.591666667,3.6,2.733333333,4.45,3.9,1,0,26,2.974,4,4,5,4,1,4,3,3,4,2,5,3,5,5,5,1,1,1,1,1,1,1,1,1,1
10011,Animals,0,0,1,0,1,0,4.65,7,5,4.3,3.6,1,1,30,18.024,7,7,7,7,7,4,3,4,3,3,5,3,3,5,3,1,1,1,1,1,1,1,1,1,1
10012,Control,1,0,0,0,1,0,4.091666667,5.4,3.933333333,4.25,3.8,1.3,0,26,8.654,6,6,6,6,3,4,4,1,4,4,5,4,4,4,4,1,1,4,1,1,1,1,1,1,1
10013,Luxury,0,1,0,0,1,0,2.175,1,1,3.35,1.9,1.2,0,28,34.49,1,1,1,1,1,3,2,1,1,1,3,1,3,3,1,1,2,1,1,1,1,2,1,1,1
10014,Control,1,0,0,0,1,0,3.491666667,4.2,3.133333333,3.85,2.7,1,0,39,13.936,5,5,5,4,2,3,2,3,2,2,4,1,2,4,4,1,1,1,1,1,1,1,1,1,1
10015,Animals,0,0,1,0,1,0,2.866666667,3,2.333333333,3.4,1.8,1,1,38,20.129,3,4,3,3,2,2,1,1,3,1,2,1,1,3,3,1,1,1,1,1,1,1,1,1,1
10016,Luxury,0,1,0,0,1,0,4.133333333,5,3.666666667,4.6,4.2,1,1,68,38.894,6,5,6,6,2,5,3,4,5,4,5,4,5,5,2,1,1,1,1,1,1,1,1,1,1
10017,Control,1,0,0,0,1,0,3.691666667,5.4,3.933333333,3.45,2,1.1,0,28,23.729,6,6,6,6,3,3,1,1,2,1,3,1,4,3,1,1,1,1,1,1,1,1,2,1,1
10018,Animals,0,0,1,0,1,0,4.183333333,6.8,4.866666667,3.5,2,1,1,29,9.201,7,7,7,7,6,3,1,1,3,1,1,1,4,4,1,1,1,1,1,1,1,1,1,1,1
10019,Memes,0,0,0,1,1,0,3.191666667,4.2,3.133333333,3.25,3.5,3,1,31,1.952,5,4,4,4,4,3,4,4,4,3,4,5,2,3,3,4,3,3,2,1,3,4,4,4,2
10020,Animals,0,0,1,0,1,0,2.025,1,1,3.05,1.6,1.5,0,35,17.545,1,1,1,1,1,2,1,1,1,1,3,1,1,3,2,2,1,1,2,1,1,1,2,2,2
10021,Memes,0,0,0,1,1,0,3.966666667,6,4.333333333,3.6,2.2,1,0,18,38.45,6,6,6,6,6,4,4,1,3,1,1,1,1,3,3,1,1,1,1,1,1,1,1,1,1
10022,Memes,0,0,0,1,1,0,5,7,5,5,5,1,1,34,40.265,7,7,7,7,7,5,5,5,5,5,5,5,5,5,5,1,1,1,1,1,1,1,1,1,1
10023,Control,1,0,0,0,1,0,4.1,4.6,3.4,4.8,4.6,1,1,31,1.952,4,4,4,6,5,5,5,4,4,5,5,4,4,5,5,1,1,1,1,1,1,1,1,1,1
10024,Control,1,0,0,0,1,0,2.75,1,1,4.5,4,1,1,27,9.77,1,1,1,1,1,4,3,4,4,3,5,4,4,5,4,1,1,1,1,1,1,1,1,1,1
10025,Animals,0,0,1,0,1,0,2.741666667,1.2,1.133333333,4.35,3.7,1,0,36,18.401,1,1,1,2,1,5,2,3,3,2,5,2,5,5,5,1,1,1,1,1,1,1,1,1,1
10026,Control,1,0,0,0,1,0,2.641666667,2.4,1.933333333,3.35,1.8,1.1,0,36,7.442,2,4,2,2,2,1,1,1,1,1,3,1,3,5,1,1,1,1,1,1,2,1,1,1,1
10027,Memes,0,0,0,1,1,0,3.608333333,5,3.666666667,3.55,2.1,1,1,29,36.994,5,5,5,5,5,3,2,2,2,1,3,2,1,4,1,1,1,1,1,1,1,1,1,1,1
10028,Control,1,0,0,0,1,0,2.708333333,2,1.666666667,3.75,2.5,1,0,25,5.383,2,2,2,2,2,2,2,2,3,2,3,1,4,3,3,1,1,1,1,1,1,1,1,1,1
10029,Animals,0,0,1,0,1,0,3.1,4,3,3.2,1.4,1,1,23,7.22,4,4,4,4,4,2,2,1,1,1,1,2,1,2,1,1,1,1,1,1,1,1,1,1,1
10030,Control,1,0,0,0,1,0,2.816666667,2.4,1.933333333,3.7,2.4,1,0,32,21.062,2,3,3,3,1,2,3,3,1,1,5,1,3,3,2,1,1,1,1,1,1,1,1,1,1
10031,Memes,0,0,0,1,1,0,3.758333333,5.6,4.066666667,3.45,1.9,1,0,22,38.734,5,6,6,5,6,3,2,1,2,1,2,1,2,3,2,1,1,1,1,1,1,1,1,1,1
10032,Luxury,0,1,0,0,1,0,2,1.6,1.4,2.6,1.4,2.2,1,27,33.184,1,2,2,1,2,2,1,1,1,1,3,1,1,2,1,2,3,2,1,3,3,2,2,2,2
10033,Animals,0,0,1,0,1,0,4.333333333,5.6,4.066666667,4.6,4.3,1.1,0,34,39.299,6,6,6,6,4,5,4,3,5,3,5,3,5,5,5,1,1,1,1,1,1,1,1,2,1
10034,Luxury,0,1,0,0,1,0,4.791666667,6.6,4.733333333,4.85,4.7,1,0,32,14.098,6,7,7,6,7,5,5,5,5,5,5,5,4,4,4,1,1,1,1,1,1,1,1,1,1
10035,Memes,0,0,0,1,1,0,2.55,2.8,2.2,2.9,3.1,3.3,0,29,13.845,4,2,2,4,2,4,3,5,1,1,5,4,2,3,3,1,3,3,3,5,4,5,5,2,2
10036,Animals,0,0,1,0,1,0,3.891666667,5.4,3.933333333,3.85,2.8,1.1,0,37,16.169,5,7,7,7,1,4,1,1,4,1,5,1,1,5,5,1,1,1,1,1,1,1,1,2,1
10037,Luxury,0,1,0,0,1,0,3.066666667,3.6,2.733333333,3.4,2.7,1.9,0,35,22.706,4,3,4,4,3,3,2,2,3,2,4,3,2,4,2,2,2,3,1,1,3,2,3,1,1
10038,Animals,0,0,1,0,1,0,4.416666667,6,4.333333333,4.5,4,1,0,54,7.323,6,6,6,6,6,4,4,4,4,4,4,4,4,4,4,1,1,1,1,1,1,1,1,1,1
10039,Memes,0,0,0,1,1,0,2.358333333,2,1.666666667,3.05,1.8,1.7,0,23,57.758,1,6,1,1,1,1,1,1,1,1,4,1,2,4,2,2,3,3,1,1,1,2,1,2,1
10040,Luxury,0,1,0,0,1,0,4.666666667,6,4.333333333,5,5,1,1,61,27.269,6,6,6,6,6,5,5,5,5,5,5,5,5,5,5,1,1,1,1,1,1,1,1,1,1
10041,Luxury,0,1,0,0,1,0,3.625,5.8,4.2,3.05,3.5,3.4,0,35,9.998,7,6,6,5,5,4,3,4,4,3,4,3,3,4,3,3,3,4,3,3,3,4,4,3,4
10042,Animals,0,0,1,0,1,0,3.775,4.6,3.4,4.15,3.3,1,0,34,25.172,5,5,6,5,2,4,2,3,3,3,4,3,4,4,3,1,1,1,1,1,1,1,1,1,1
10043,Memes,0,0,0,1,1,0,3.008333333,2.6,2.066666667,3.95,2.9,1,0,60,63.391,1,1,5,5,1,3,1,2,3,2,4,4,4,4,2,1,1,1,1,1,1,1,1,1,1
10044,Animals,0,0,1,0,1,0,4.183333333,5,3.666666667,4.7,4.4,1,1,32,23.725,5,5,5,5,5,5,2,5,5,5,4,5,5,4,4,1,1,1,1,1,1,1,1,1,1
10045,Luxury,0,1,0,0,1,0,4.291666667,6.6,4.733333333,3.85,2.7,1,0,33,14.785,6,6,7,7,7,5,1,3,1,1,4,2,3,5,2,1,1,1,1,1,1,1,1,1,1
10046,Animals,0,0,1,0,1,0,4.6,5.8,4.2,5,5,1,1,30,9.81,6,6,7,7,3,5,5,5,5,5,5,5,5,5,5,1,1,1,1,1,1,1,1,1,1
10047,Luxury,0,1,0,0,1,0,3.933333333,6.2,4.466666667,3.4,1.8,1,1,27,14.918,7,7,6,7,4,1,1,1,1,1,4,1,3,4,1,1,1,1,1,1,1,1,1,1,1
10048,Animals,0,0,1,0,1,0,5,7,5,5,5,1,0,24,50.718,7,7,7,7,7,5,5,5,5,5,5,5,5,5,5,1,1,1,1,1,1,1,1,1,1
10049,Memes,0,0,0,1,1,0,3.766666667,4.8,3.533333333,4,3.7,1.7,0,33,42.912,6,5,5,6,2,4,3,3,4,2,4,4,4,5,4,2,2,1,1,2,1,2,2,2,2
10050,Control,1,0,0,0,1,0,4.008333333,6.2,4.466666667,3.55,2.1,1,1,60,12.751,6,6,6,7,6,4,1,1,1,1,4,1,1,4,3,1,1,1,1,1,1,1,1,1,1
10051,Memes,0,0,0,1,1,0,4.083333333,6.2,4.466666667,3.7,2.4,1,0,43,27.859,6,6,6,7,6,4,2,1,2,2,3,1,2,4,3,1,1,1,1,1,1,1,1,1,1
10052,Luxury,0,1,0,0,1,0,4.666666667,6,4.333333333,5,5,1,0,31,6.367,6,6,6,6,6,5,5,5,5,5,5,5,5,5,5,1,1,1,1,1,1,1,1,1,1
10053,Memes,0,0,0,1,1,0,4.583333333,6.8,4.866666667,4.3,3.6,1,1,24,33.826,7,7,6,7,7,5,4,3,3,3,5,2,3,5,3,1,1,1,1,1,1,1,1,1,1
10054,Control,1,0,0,0,1,0,4.383333333,5.6,4.066666667,4.7,4.4,1,0,24,8.279,6,7,7,6,2,5,5,4,4,4,5,4,5,4,4,1,1,1,1,1,1,1,1,1,1
10055,Control,1,0,0,0,1,0,2.958333333,3.2,2.466666667,3.45,2.3,1.4,1,30,5.794,2,4,4,3,3,3,3,2,2,2,3,2,2,2,2,1,1,2,1,1,1,2,2,2,1
10056,Control,1,0,0,0,1,0,3.316666667,3,2.333333333,4.3,3.6,1,0,28,40.514,3,3,3,3,3,5,3,3,3,3,4,4,3,4,4,1,1,1,1,1,1,1,1,1,1
10057,Luxury,0,1,0,0,1,0,4.466666667,6,4.333333333,4.6,4.2,1,0,55,58.062,6,6,6,6,6,5,3,4,4,4,5,4,5,5,3,1,1,1,1,1,1,1,1,1,1
10058,Memes,0,0,0,1,1,0,2.425,1.6,1.4,3.45,2.1,1.2,1,31,36.448,2,2,1,1,2,2,1,3,1,1,4,1,3,4,1,1,1,1,1,2,2,1,1,1,1
10059,Control,1,0,0,0,1,0,3.008333333,2.6,2.066666667,3.95,2.9,1,0,38,11.351,3,3,3,3,1,4,1,3,5,1,5,1,2,5,2,1,1,1,1,1,1,1,1,1,1
10060,Control,1,0,0,0,1,0,3.708333333,4.4,3.266666667,4.15,3.3,1,1,57,14.657,5,4,5,5,3,4,1,4,3,4,4,2,4,4,3,1,1,1,1,1,1,1,1,1,1
10061,Control,1,0,0,0,1,0,4.216666667,6,4.333333333,4.1,3.2,1,1,53,34.678,4,5,7,7,7,4,2,5,2,3,3,1,4,4,4,1,1,1,1,1,1,1,1,1,1
10062,Control,1,0,0,0,1,0,3.625,5.2,3.8,3.45,1.9,1,0,24,15.1,5,5,5,5,6,1,2,1,1,2,3,2,2,3,2,1,1,1,1,1,1,1,1,1,1
10063,Animals,0,0,1,0,1,0,3.05,3.4,2.6,3.5,2,1,0,36,34.867,2,3,5,2,5,3,1,2,1,1,4,1,2,3,2,1,1,1,1,1,1,1,1,1,1
10064,Luxury,0,1,0,0,1,0,3.483333333,4.4,3.266666667,3.7,2.5,1.1,0,70,40.211,5,5,6,5,1,3,1,3,1,2,4,1,3,4,3,1,1,1,1,1,2,1,1,1,1
10065,Animals,0,0,1,0,1,0,2.766666667,3,2.333333333,3.2,1.4,1,0,39,50.516,3,4,3,3,2,1,1,1,1,1,3,1,1,3,1,1,1,1,1,1,1,1,1,1,1
10066,Luxury,0,1,0,0,1,0,3.216666667,4.2,3.133333333,3.3,2,1.4,1,32,34.186,5,5,5,5,1,2,2,1,2,1,2,1,4,3,2,1,3,1,1,1,3,1,1,1,1
10067,Control,1,0,0,0,1,0,4.425,7,5,3.85,2.7,1,1,31,10.392,7,7,7,7,7,3,3,1,3,3,3,3,3,3,2,1,1,1,1,1,1,1,1,1,1
10068,Animals,0,0,1,0,1,0,3.058333333,2.6,2.066666667,4.05,3.3,1.2,0,30,9.989,3,2,3,3,2,4,2,2,1,4,4,4,4,5,3,1,1,1,2,1,1,1,1,2,1
10069,Animals,0,0,1,0,1,0,4.116666667,6,4.333333333,3.9,2.8,1,1,44,61.554,6,6,7,5,6,4,2,3,4,2,3,2,2,4,2,1,1,1,1,1,1,1,1,1,1
10070,Animals,0,0,1,0,1,0,3.2,2.8,2.2,4.2,3.4,1,0,30,26.886,3,3,3,3,2,5,4,2,4,1,4,4,2,4,4,1,1,1,1,1,1,1,1,1,1
10071,Luxury,0,1,0,0,1,0,3.483333333,3.8,2.866666667,4.1,3.2,1,0,38,47.85,4,4,5,5,1,5,1,3,1,1,5,1,5,5,5,1,1,1,1,1,1,1,1,1,1
10072,Control,1,0,0,0,1,0,3,3.4,2.6,3.4,2.9,2.1,1,24,11.398,3,4,4,3,3,3,3,3,3,2,3,3,3,3,3,2,2,2,2,2,2,2,2,3,2
10073,Luxury,0,1,0,0,1,0,4.441666667,6,4.333333333,4.55,4.1,1,0,26,31.118,6,6,7,6,5,4,3,4,4,4,5,4,4,5,4,1,1,1,1,1,1,1,1,1,1
10074,Luxury,0,1,0,0,1,0,3.233333333,2.6,2.066666667,4.4,3.8,1,1,34,28,2,3,4,3,1,5,1,3,3,3,5,5,5,5,3,1,1,1,1,1,1,1,1,1,1
10075,Control,1,0,0,0,1,0,3.966666667,5.4,3.933333333,4,3,1,1,30,4.203,6,6,6,6,3,3,3,3,3,3,3,3,3,3,3,1,1,1,1,1,1,1,1,1,1
10076,Luxury,0,1,0,0,1,0,4.9,7,5,4.8,4.6,1,0,47,45.674,7,7,7,7,7,5,4,5,4,4,5,5,5,5,4,1,1,1,1,1,1,1,1,1,1
10077,Luxury,0,1,0,0,1,0,3.75,5.8,4.2,3.3,4.1,3.5,1,33,8.52,7,6,5,5,6,5,3,4,5,4,4,5,4,4,3,4,3,3,4,3,3,4,3,5,3
10078,Control,1,0,0,0,1,0,3.875,4.6,3.4,4.35,3.7,1,0,34,5.016,5,5,6,2,5,5,2,3,3,3,3,3,5,5,5,1,1,1,1,1,1,1,1,1,1
10079,Control,1,0,0,0,1,0,2.475,2.2,1.8,3.15,1.3,1,1,33,60.741,2,2,3,2,2,2,2,1,1,1,1,1,2,1,1,1,1,1,1,1,1,1,1,1,1
10080,Animals,0,0,1,0,1,0,4.383333333,6.2,4.466666667,4.3,3.6,1,1,27,14.811,7,5,6,7,6,4,3,3,3,4,5,2,4,5,3,1,1,1,1,1,1,1,1,1,1
10081,Luxury,0,1,0,0,1,0,3.341666667,3.6,2.733333333,3.95,3,1.1,0,34,8.874,3,4,5,4,2,3,2,4,2,2,4,2,3,4,4,1,1,1,1,1,1,1,1,2,1
10082,Luxury,0,1,0,0,1,0,3.891666667,4.2,3.133333333,4.65,4.3,1,0,67,68.273,4,3,6,6,2,4,3,4,5,5,4,4,5,5,4,1,1,1,1,1,1,1,1,1,1
10083,Memes,0,0,0,1,1,0,3.35,3.4,2.6,4.1,3.2,1,0,55,60.985,3,5,4,3,2,4,2,3,4,2,4,2,3,4,4,1,1,1,1,1,1,1,1,1,1
10084,Animals,0,0,1,0,1,0,3.616666667,4.8,3.533333333,3.7,2.9,1.5,0,44,16.647,4,5,5,6,4,3,2,3,2,2,3,4,3,3,4,1,2,1,1,2,2,1,2,2,1
10085,Luxury,0,1,0,0,1,0,3.508333333,4.4,3.266666667,3.75,3.2,1.7,1,32,29.718,3,7,5,4,3,5,5,2,3,1,4,3,4,4,1,1,3,2,1,1,4,2,1,1,1
10086,Luxury,0,1,0,0,1,0,4.783333333,6.8,4.866666667,4.7,4.5,1.1,0,40,27.136,6,7,7,7,7,4,4,4,5,5,5,4,5,4,5,1,1,1,1,1,1,1,1,2,1
10087,Luxury,0,1,0,0,1,0,3.191666667,3.6,2.733333333,3.65,2.4,1.1,1,29,18.966,3,3,5,5,2,2,2,2,2,2,3,2,3,3,3,1,1,1,1,1,1,1,2,1,1
10088,Luxury,0,1,0,0,1,0,2.958333333,3.8,2.866666667,3.05,2.2,2.1,1,45,51.305,5,5,4,3,2,3,1,2,1,1,4,2,2,4,2,2,2,1,1,3,3,3,2,3,1
10089,Control,1,0,0,0,1,0,3.891666667,5.4,3.933333333,3.85,2.7,1,0,36,9.649,6,6,5,5,5,3,2,2,2,2,3,2,3,4,4,1,1,1,1,1,1,1,1,1,1
10090,Memes,0,0,0,1,1,0,4.258333333,5.6,4.066666667,4.45,3.9,1,0,53,73.351,5,5,6,6,6,4,3,4,4,4,5,3,4,5,3,1,1,1,1,1,1,1,1,1,1
10091,Animals,0,0,1,0,1,0,4.5,7,5,4,3,1,1,37,25.556,7,7,7,7,7,3,3,3,3,2,4,2,3,4,3,1,1,1,1,1,1,1,1,1,1
10092,Control,1,0,0,0,1,0,3.941666667,6.6,4.733333333,3.15,5,4.7,0,38,8.774,7,7,6,7,6,5,5,5,5,5,5,5,5,5,5,5,4,5,5,5,5,4,5,5,4
10093,Control,1,0,0,0,1,0,3.7,4,3,4.4,3.9,1.1,0,33,37.679,5,4,5,4,2,4,3,4,4,3,4,3,4,5,5,1,1,1,1,1,1,1,2,1,1
10094,Memes,0,0,0,1,1,0,3.783333333,5,3.666666667,3.9,2.8,1,1,32,62.468,5,5,5,5,5,4,2,2,2,1,3,4,2,4,4,1,1,1,1,1,1,1,1,1,1
10095,Memes,0,0,0,1,1,0,3.675,4.6,3.4,3.95,2.9,1,0,40,71.923,5,5,5,5,3,4,1,3,3,2,4,2,2,4,4,1,1,1,1,1,1,1,1,1,1
10096,Luxury,0,1,0,0,1,0,2.025,1,1,3.05,1.3,1.2,0,27,43.375,1,1,1,1,1,1,1,1,1,1,2,1,1,3,1,1,1,1,1,1,2,1,2,1,1
10097,Luxury,0,1,0,0,1,0,3.033333333,4.4,3.266666667,2.8,2.9,3.3,0,28,6.934,5,5,3,4,5,4,3,3,2,2,2,2,4,4,3,3,4,4,4,3,3,2,3,3,4
10098,Luxury,0,1,0,0,1,0,2.925,3.4,2.6,3.25,2.3,1.8,0,40,14.859,3,4,5,3,2,2,1,2,1,1,5,1,2,5,3,3,3,1,1,4,2,1,1,1,1
10099,Luxury,0,1,0,0,1,0,4.575,7,5,4.15,3.3,1,1,41,24.186,7,7,7,7,7,3,1,4,3,4,4,3,4,4,3,1,1,1,1,1,1,1,1,1,1
10100,Control,1,0,0,0,1,0,3.15,2.8,2.2,4.1,3.2,1,0,55,67.604,1,4,3,4,2,4,2,2,3,1,5,3,4,5,3,1,1,1,1,1,1,1,1,1,1
10101,Animals,0,0,1,0,1,0,3.775,5.2,3.8,3.75,2.6,1.1,1,51,55.407,6,5,5,6,4,3,2,2,1,1,4,2,3,4,4,1,1,1,1,1,2,1,1,1,1
10102,Memes,0,0,0,1,1,0,3.875,5.2,3.8,3.95,2.9,1,1,36,37.121,5,5,5,7,4,5,1,2,4,1,4,1,2,5,4,1,1,1,1,1,1,1,1,1,1
10103,Memes,0,0,0,1,1,0,4.95,7,5,4.9,4.8,1,0,43,66.427,7,7,7,7,7,5,5,4,5,4,5,5,5,5,5,1,1,1,1,1,1,1,1,1,1
10104,Memes,0,0,0,1,1,0,3.375,3.4,2.6,4.15,3.3,1,0,32,109.425,3,5,4,3,2,4,3,3,3,2,4,3,3,4,4,1,1,1,1,1,1,1,1,1,1
10105,Memes,0,0,0,1,1,0,2.975,2.2,1.8,4.15,3.3,1,1,53,54.688,2,2,4,2,1,3,3,4,3,3,4,2,4,4,3,1,1,1,1,1,1,1,1,1,1
10106,Animals,0,0,1,0,1,0,3.95,4.6,3.4,4.5,4,1,0,36,16.044,5,5,5,4,4,4,4,4,4,4,4,4,4,4,4,1,1,1,1,1,1,1,1,1,1
10107,Animals,0,0,1,0,1,0,3.025,3.4,2.6,3.45,1.9,1,0,22,108.394,4,3,4,4,2,3,2,1,3,3,1,1,1,3,1,1,1,1,1,1,1,1,1,1,1
10108,Animals,0,0,1,0,1,0,4.925,7,5,4.85,4.7,1,0,34,40.112,7,7,7,7,7,5,5,4,5,3,5,5,5,5,5,1,1,1,1,1,1,1,1,1,1
10109,Control,1,0,0,0,1,0,3.925,5.2,3.8,4.05,3.1,1,1,49,19.143,5,5,6,5,5,5,1,1,3,1,5,2,5,5,3,1,1,1,1,1,1,1,1,1,1
10110,Memes,0,0,0,1,1,0,4.266666667,6,4.333333333,4.2,3.4,1,1,57,140.184,6,6,6,6,6,4,4,2,3,4,4,3,4,3,3,1,1,1,1,1,1,1,1,1,1
10111,Control,1,0,0,0,1,0,3.45,4.6,3.4,3.5,3.5,2.5,1,31,4.844,6,7,4,2,4,4,2,3,4,2,4,4,5,3,4,5,1,2,3,4,1,3,2,3,1
10112,Control,1,0,0,0,1,0,1.975,1.6,1.4,2.55,1.9,2.8,0,29,9.649,2,1,1,3,1,3,2,2,2,2,2,1,2,2,1,4,3,2,3,1,1,1,5,3,5
10113,Memes,0,0,0,1,1,0,2.475,1,1,3.95,2.9,1,0,50,82.214,1,1,1,1,1,5,1,3,2,1,5,1,1,5,5,1,1,1,1,1,1,1,1,1,1
10114,Memes,0,0,0,1,1,0,4.183333333,5.6,4.066666667,4.3,3.6,1,0,55,72.943,6,6,6,6,4,4,4,3,3,3,4,4,3,4,4,1,1,1,1,1,1,1,1,1,1
10115,Luxury,0,1,0,0,1,0,3.733333333,5,3.666666667,3.8,2.6,1,0,39,11.422,5,5,5,5,5,3,1,3,3,4,1,1,4,5,1,1,1,1,1,1,1,1,1,1,1
10116,Memes,0,0,0,1,1,0,3.433333333,3.8,2.866666667,4,3.3,1.3,0,44,61.898,3,5,3,6,2,4,2,3,4,2,5,1,4,5,3,1,2,1,1,1,2,1,1,2,1
10117,Memes,0,0,0,1,1,0,2.5,1,1,4,3,1,1,61,59.361,1,1,1,1,1,5,2,3,1,1,5,2,4,5,2,1,1,1,1,1,1,1,1,1,1
10118,Luxury,0,1,0,0,1,0,1.85,1,1,2.7,2.1,2.7,1,48,26.935,1,1,1,1,1,4,1,1,1,1,4,1,1,4,3,5,4,3,2,2,5,1,1,1,3
10119,Animals,0,0,1,0,1,0,3.575,3.4,2.6,4.55,4.1,1,1,41,14.844,4,4,3,5,1,5,1,5,4,5,5,1,5,5,5,1,1,1,1,1,1,1,1,1,1
10120,Control,1,0,0,0,1,0,2.816666667,1.2,1.133333333,4.5,4,1,0,39,4.321,1,1,2,1,1,4,4,3,5,4,4,3,4,5,4,1,1,1,1,1,1,1,1,1,1
10121,Memes,0,0,0,1,1,0,3.583333333,4.4,3.266666667,3.9,4,2.2,0,23,5.758,3,3,4,5,7,3,4,1,5,3,5,5,4,5,5,1,3,3,2,1,3,1,4,1,3
10122,Memes,0,0,0,1,1,0,3.475,4.6,3.4,3.55,3.6,2.5,1,38,47.797,3,5,5,6,4,4,2,5,3,4,4,3,4,4,3,1,2,5,1,2,4,2,3,3,2
10123,Animals,0,0,1,0,1,0,4.383333333,6.2,4.466666667,4.3,3.6,1,0,29,22.593,6,6,6,7,6,4,4,3,4,2,5,3,3,5,3,1,1,1,1,1,1,1,1,1,1
10124,Control,1,0,0,0,1,0,2.333333333,1.4,1.266666667,3.4,1.8,1,0,32,22.145,1,2,2,1,1,3,1,1,2,1,2,1,1,4,2,1,1,1,1,1,1,1,1,1,1
10125,Memes,0,0,0,1,1,0,4.15,5.2,3.8,4.5,4,1,0,30,36.85,6,7,6,6,1,5,5,3,5,1,5,1,5,5,5,1,1,1,1,1,1,1,1,1,1
10126,Animals,0,0,1,0,1,0,4.316666667,6,4.333333333,4.3,3.6,1,1,35,34.066,6,6,6,6,6,5,3,3,4,3,4,3,3,5,3,1,1,1,1,1,1,1,1,1,1
10127,Memes,0,0,0,1,1,0,3.016666667,4.2,3.133333333,2.9,2.7,2.9,0,40,7.907,4,5,3,5,4,2,2,3,3,2,3,2,4,3,3,3,2,3,3,3,4,3,3,2,3
10128,Luxury,0,1,0,0,1,0,2.333333333,2,1.666666667,3,1.7,1.7,1,28,18.533,2,2,2,2,2,1,1,1,1,1,2,1,3,5,1,4,2,1,1,2,3,1,1,1,1
10129,Control,1,0,0,0,1,0,4.508333333,6.2,4.466666667,4.55,4.1,1,0,46,16.023,7,7,7,7,3,5,3,4,4,3,5,4,4,5,4,1,1,1,1,1,1,1,1,1,1
10130,Luxury,0,1,0,0,1,0,3.333333333,5,3.666666667,3,2.2,2.2,1,26,31.843,5,4,5,5,6,3,1,1,2,2,3,2,2,4,2,2,3,2,2,2,4,2,2,2,1
10131,Luxury,0,1,0,0,1,0,3.075,2.8,2.2,3.95,2.9,1,1,61,51.4,3,3,3,3,2,4,2,2,2,3,3,4,3,3,3,1,1,1,1,1,1,1,1,1,1
10132,Animals,0,0,1,0,1,0,3.466666667,3.6,2.733333333,4.2,3.4,1,1,49,51.999,3,3,5,4,3,4,1,4,2,4,5,1,5,5,3,1,1,1,1,1,1,1,1,1,1
10133,Memes,0,0,0,1,1,0,3.833333333,5,3.666666667,4,3.3,1.3,1,25,13.389,4,5,5,6,5,4,4,5,3,1,1,4,3,4,4,1,1,1,1,1,1,1,3,1,2
10134,Animals,0,0,1,0,1,0,4.825,7,5,4.65,4.3,1,1,55,15.239,7,7,7,7,7,4,4,5,5,3,4,4,5,5,4,1,1,1,1,1,1,1,1,1,1
10135,Control,1,0,0,0,1,0,3.7,3.4,2.6,4.8,4.6,1,0,28,8.734,4,4,4,4,1,5,5,5,5,5,1,5,5,5,5,1,1,1,1,1,1,1,1,1,1
10136,Luxury,0,1,0,0,1,0,4.15,5.8,4.2,4.1,3.4,1.2,1,39,23.026,6,6,6,6,5,4,3,3,3,3,4,3,3,4,4,1,1,1,1,1,1,1,2,2,1
10137,Memes,0,0,0,1,1,0,3.133333333,3.2,2.466666667,3.8,2.6,1,0,50,43.533,3,3,4,5,1,3,1,3,1,1,5,1,3,5,3,1,1,1,1,1,1,1,1,1,1
10138,Animals,0,0,1,0,1,0,3.666666667,3.6,2.733333333,4.6,4.4,1.2,1,36,34.593,4,3,5,5,1,5,5,4,4,4,5,4,4,4,5,1,1,1,1,1,1,1,1,3,1
10139,Animals,0,0,1,0,1,0,2.458333333,2.6,2.066666667,2.85,1.5,1.8,0,24,6.211,2,4,2,3,2,1,1,1,1,1,3,1,2,2,2,2,2,2,1,2,3,3,1,1,1
10140,Luxury,0,1,0,0,1,0,4.666666667,6.6,4.733333333,4.6,4.2,1,1,45,30.522,7,6,7,6,7,4,4,4,4,4,4,4,5,5,4,1,1,1,1,1,1,1,1,1,1
10141,Control,1,0,0,0,1,0,4.15,5.2,3.8,4.5,4,1,1,25,40.413,5,6,5,4,6,4,3,5,4,4,4,4,4,4,4,1,1,1,1,1,1,1,1,1,1
10142,Memes,0,0,0,1,1,0,4.35,7,5,3.7,3.1,1.7,0,29,13.072,7,7,7,7,7,3,4,3,3,3,2,3,3,3,4,2,1,1,3,1,2,1,1,4,1
10143,Control,1,0,0,0,1,0,2.775,2.2,1.8,3.75,2.5,1,0,29,4.411,2,2,4,2,1,2,1,2,2,3,4,1,2,4,4,1,1,1,1,1,1,1,1,1,1
10144,Animals,0,0,1,0,1,0,3.033333333,4.4,3.266666667,2.8,2.8,3.2,1,32,24.129,7,2,3,4,6,1,1,2,2,4,3,1,4,5,5,5,3,4,5,3,1,2,2,4,3
10145,Memes,0,0,0,1,1,0,4.291666667,6,4.333333333,4.25,3.7,1.2,1,59,120.285,6,6,6,6,6,4,3,3,4,3,4,4,4,4,4,1,1,1,1,1,1,1,2,2,1
10146,Memes,0,0,0,1,1,0,4.45,5.8,4.2,4.7,4.4,1,0,43,93.062,5,5,6,7,6,5,4,4,5,4,3,5,5,5,4,1,1,1,1,1,1,1,1,1,1
10147,Control,1,0,0,0,1,0,3.2,4,3,3.4,1.9,1.1,1,43,20.492,4,5,5,4,2,3,1,1,2,1,1,3,1,3,3,2,1,1,1,1,1,1,1,1,1
10148,Animals,0,0,1,0,1,0,3.058333333,3.8,2.866666667,3.25,1.7,1.2,0,40,30.673,4,4,4,5,2,2,1,2,2,1,3,1,1,3,1,1,1,1,1,1,1,1,1,3,1
10149,Animals,0,0,1,0,1,0,3.658333333,4.4,3.266666667,4.05,3.4,1.3,0,30,5.725,4,5,4,5,4,4,4,3,4,4,2,4,1,4,4,1,1,2,1,1,1,3,1,1,1
10150,Memes,0,0,0,1,1,0,2,1,1,3,1.3,1.3,1,31,57.866,1,1,1,1,1,1,1,1,1,1,2,1,1,2,2,1,1,2,1,1,2,2,1,1,1
10151,Luxury,0,1,0,0,1,0,4.416666667,6,4.333333333,4.5,4.4,1.4,1,36,82.75,6,6,6,6,6,5,4,5,5,4,4,5,4,5,3,2,1,1,1,1,1,1,2,3,1
10152,Control,1,0,0,0,1,0,3.325,3.4,2.6,4.05,3.3,1.2,0,48,42.812,3,3,4,4,3,4,2,4,3,3,4,3,4,4,2,1,2,1,1,1,2,1,1,1,1
10153,Control,1,0,0,0,1,0,4.125,5.2,3.8,4.45,3.9,1,1,58,53.882,5,6,5,5,5,5,2,5,3,3,5,3,5,5,3,1,1,1,1,1,1,1,1,1,1
10154,Luxury,0,1,0,0,1,0,3.691666667,4.8,3.533333333,3.85,2.7,1,0,48,72.256,5,5,5,5,4,3,2,2,3,3,3,2,3,4,2,1,1,1,1,1,1,1,1,1,1
10155,Animals,0,0,1,0,1,0,4.241666667,6,4.333333333,4.15,3.3,1,1,38,17.4,6,6,6,6,6,4,4,2,4,3,4,4,3,4,1,1,1,1,1,1,1,1,1,1,1
10156,Control,1,0,0,0,1,0,3.891666667,4.2,3.133333333,4.65,4.3,1,1,51,97.958,4,5,5,5,2,5,4,5,4,4,4,4,4,5,4,1,1,1,1,1,1,1,1,1,1
10157,Memes,0,0,0,1,1,0,2.85,2.2,1.8,3.9,2.8,1,0,34,77.02,1,3,4,2,1,3,1,3,1,3,4,3,3,4,3,1,1,1,1,1,1,1,1,1,1
10158,Control,1,0,0,0,1,0,3.966666667,6,4.333333333,3.6,3.7,2.5,1,32,13.162,6,6,6,6,6,4,3,4,4,3,4,4,4,4,3,2,2,2,2,2,3,2,4,4,2
10159,Luxury,0,1,0,0,1,0,3.141666667,3.6,2.733333333,3.55,2.2,1.1,0,30,13.909,4,4,4,4,2,2,2,1,2,2,3,1,3,3,3,1,1,2,1,1,1,1,1,1,1
10160,Luxury,0,1,0,0,1,0,3.616666667,4.2,3.133333333,4.1,3.2,1,1,44,24.286,4,4,5,4,4,4,2,3,3,1,4,3,4,4,4,1,1,1,1,1,1,1,1,1,1
10161,Luxury,0,1,0,0,1,0,3.491666667,5.4,3.933333333,3.05,2.3,2.2,0,46,58.411,4,6,6,6,5,3,1,2,1,1,3,2,4,3,3,1,4,1,1,5,5,1,1,2,1
10162,Animals,0,0,1,0,1,0,2.233333333,1.4,1.266666667,3.2,1.5,1.1,1,28,27.37,1,3,1,1,1,3,1,1,1,1,1,1,1,4,1,2,1,1,1,1,1,1,1,1,1
10163,Luxury,0,1,0,0,1,0,2.116666667,1.2,1.133333333,3.1,1.5,1.3,1,29,76.746,1,2,1,1,1,1,1,1,1,1,3,1,1,4,1,1,1,1,1,1,1,1,2,2,2
10164,Control,1,0,0,0,1,0,2.25,1.6,1.4,3.1,1.6,1.4,0,46,23.232,1,1,1,4,1,1,1,2,1,1,2,1,1,3,3,2,1,1,1,1,1,2,2,1,2
10165,Luxury,0,1,0,0,1,0,3.433333333,4.4,3.266666667,3.6,2.8,1.6,0,29,10.134,4,5,5,4,4,3,3,3,3,2,3,3,3,3,2,2,2,1,1,1,2,2,2,2,1
10166,Control,1,0,0,0,1,0,4.25,5.2,3.8,4.7,4.4,1,1,41,6.371,5,6,7,7,1,4,5,4,4,5,4,5,4,4,5,1,1,1,1,1,1,1,1,1,1
10167,Animals,0,0,1,0,1,0,2.825,2.8,2.2,3.45,3.2,2.3,0,25,8.099,3,3,2,4,2,2,4,3,4,3,3,3,4,3,3,3,2,2,2,3,2,2,2,3,2
10168,Luxury,0,1,0,0,1,0,2.891666667,3,2.333333333,3.45,1.9,1,1,41,40.301,3,3,3,3,3,3,2,1,2,1,3,2,1,3,1,1,1,1,1,1,1,1,1,1,1
10169,Luxury,0,1,0,0,1,0,3.975,4.6,3.4,4.55,4.1,1,0,46,78.075,5,4,5,5,4,4,4,4,4,4,4,4,5,4,4,1,1,1,1,1,1,1,1,1,1
10170,Luxury,0,1,0,0,1,0,3.791666667,6,4.333333333,3.25,1.5,1,1,35,43.922,6,6,6,6,6,2,2,1,2,1,1,2,1,1,2,1,1,1,1,1,1,1,1,1,1
10171,Memes,0,0,0,1,1,0,2.525,3.4,2.6,2.45,2.5,3.6,1,27,8.624,2,3,2,5,5,2,2,2,2,2,5,3,2,2,3,5,5,3,4,2,3,1,4,5,4
10172,Animals,0,0,1,0,1,0,3.575,3.4,2.6,4.55,4.4,1.3,0,33,12.786,4,4,4,3,2,5,4,4,4,5,5,4,5,4,4,1,1,2,1,2,1,1,2,1,1
10173,Luxury,0,1,0,0,1,0,4.525,6.4,4.6,4.45,3.9,1,0,64,33.921,6,6,7,7,6,4,3,5,4,4,1,4,4,5,5,1,1,1,1,1,1,1,1,1,1
10174,Animals,0,0,1,0,1,0,2.958333333,2,1.666666667,4.25,3.5,1,0,47,61.49,1,2,3,2,2,5,3,3,3,3,4,4,3,5,2,1,1,1,1,1,1,1,1,1,1
10175,Memes,0,0,0,1,1,0,2.175,1,1,3.35,1.7,1,0,34,88.634,1,1,1,1,1,4,1,1,1,1,1,1,2,3,2,1,1,1,1,1,1,1,1,1,1
10176,Control,1,0,0,0,1,0,1.5,1,1,2,1.9,3.9,0,34,14.019,1,1,1,1,1,2,2,2,1,1,4,1,2,3,1,4,4,4,4,1,5,5,5,3,4
10177,Animals,0,0,1,0,1,0,2.708333333,2,1.666666667,3.75,2.5,1,1,39,101.145,2,1,1,5,1,4,2,1,2,1,4,1,4,4,2,1,1,1,1,1,1,1,1,1,1
10178,Animals,0,0,1,0,1,0,4.1,5.8,4.2,4,3.2,1.2,0,31,19.43,6,7,6,6,4,4,3,2,3,2,4,3,4,4,3,1,1,1,1,1,1,2,1,2,1
10179,Control,1,0,0,0,1,0,4.15,5.2,3.8,4.5,4,1,1,31,5.349,5,5,6,5,5,4,4,4,4,4,4,4,4,4,4,1,1,1,1,1,1,1,1,1,1
10180,Memes,0,0,0,1,1,0,4.416666667,6.6,4.733333333,4.1,3.9,1.7,0,30,71.052,7,7,6,6,7,5,4,4,2,5,2,5,2,5,5,1,2,2,2,3,2,1,2,1,1
10181,Memes,0,0,0,1,1,0,3.058333333,3.2,2.466666667,3.65,2.3,1,0,29,66.299,3,4,4,3,2,4,3,2,2,1,1,2,2,3,3,1,1,1,1,1,1,1,1,1,1
10182,Control,1,0,0,0,1,0,2.633333333,2.6,2.066666667,3.2,3.2,2.8,1,50,20.378,2,2,3,3,3,4,3,3,2,2,4,3,5,4,2,4,3,1,3,2,2,2,4,4,3
10183,Luxury,0,1,0,0,1,0,4.191666667,6,4.333333333,4.05,3.2,1.1,1,28,70.453,6,6,6,6,6,3,3,3,3,2,4,3,3,4,4,1,1,1,1,2,1,1,1,1,1
10184,Luxury,0,1,0,0,1,0,3.4,3.4,2.6,4.2,3.4,1,0,25,19.449,4,3,3,4,3,4,4,3,1,1,4,4,4,5,4,1,1,1,1,1,1,1,1,1,1
10185,Luxury,0,1,0,0,1,0,5,7,5,5,5,1,1,39,12.175,7,7,7,7,7,5,5,5,5,5,5,5,5,5,5,1,1,1,1,1,1,1,1,1,1
10186,Memes,0,0,0,1,1,0,3.991666667,5.4,3.933333333,4.05,3.1,1,0,49,58.517,6,6,6,6,3,4,2,3,2,3,4,3,3,4,3,1,1,1,1,1,1,1,1,1,1
10187,Memes,0,0,0,1,1,0,3.8,5.2,3.8,3.8,2.6,1,1,57,67.756,5,4,6,6,5,3,2,3,2,2,3,2,4,3,2,1,1,1,1,1,1,1,1,1,1
10188,Control,1,0,0,0,1,0,4.183333333,6.2,4.466666667,3.9,2.8,1,1,64,60.957,6,6,6,6,7,4,1,2,2,2,4,3,4,4,2,1,1,1,1,1,1,1,1,1,1
10189,Animals,0,0,1,0,1,0,4.291666667,6,4.333333333,4.25,3.5,1,0,50,15.585,6,6,6,6,6,3,3,4,4,3,4,3,4,4,3,1,1,1,1,1,1,1,1,1,1
10190,Control,1,0,0,0,1,0,3.783333333,4.4,3.266666667,4.3,4,1.4,0,32,10.66,4,5,6,4,3,5,3,4,4,3,4,4,5,4,4,2,2,1,1,1,2,1,1,2,1
10191,Luxury,0,1,0,0,1,0,3.483333333,3.2,2.466666667,4.5,4,1,0,30,53.563,4,3,4,3,2,4,4,4,4,4,4,4,4,4,4,1,1,1,1,1,1,1,1,1,1
10192,Animals,0,0,1,0,1,0,3.358333333,3.2,2.466666667,4.25,3.5,1,1,55,46.939,4,3,4,2,3,4,3,4,3,3,4,3,4,4,3,1,1,1,1,1,1,1,1,1,1
10193,Control,1,0,0,0,1,0,2.366666667,1.8,1.533333333,3.2,2,1.6,0,36,5.56,2,2,2,2,1,3,1,1,1,1,3,2,2,4,2,2,1,1,1,1,2,2,2,3,1
10194,Luxury,0,1,0,0,1,0,4.016666667,6,4.333333333,3.7,2.4,1,0,25,20.95,6,6,6,6,6,3,3,1,3,4,3,1,4,1,1,1,1,1,1,1,1,1,1,1,1
10195,Memes,0,0,0,1,1,0,3.541666667,4.8,3.533333333,3.55,3,1.9,1,33,43.458,5,5,4,5,5,3,4,3,3,2,4,2,1,4,4,2,2,2,1,1,2,2,3,2,2
10196,Control,1,0,0,0,1,0,2.533333333,2,1.666666667,3.4,2,1.2,1,37,50.836,2,2,2,3,1,3,1,1,1,1,3,1,3,3,3,1,1,1,1,1,2,1,2,1,1
10197,Animals,0,0,1,0,1,0,4.291666667,6,4.333333333,4.25,3.5,1,1,25,10.969,6,6,6,6,6,4,4,2,4,3,4,3,5,5,1,1,1,1,1,1,1,1,1,1,1
10198,Luxury,0,1,0,0,1,0,3.716666667,4.8,3.533333333,3.9,3.1,1.3,1,36,42.842,4,4,5,6,5,3,4,3,3,2,4,3,3,4,2,2,1,1,1,2,2,1,1,1,1
10199,Luxury,0,1,0,0,1,0,4.241666667,6,4.333333333,4.15,4,1.7,1,33,110.312,6,7,7,6,4,5,5,5,2,5,4,5,3,2,4,1,1,1,1,2,1,3,1,2,4
10200,Animals,0,0,1,0,1,0,3.433333333,5.6,4.066666667,2.8,3.7,4.1,0,32,8.233,6,7,6,4,5,3,3,3,4,4,4,3,4,5,4,4,5,3,3,4,5,4,4,4,5
10201,Animals,0,0,1,0,1,0,2.3,1,1,3.6,2.8,1.6,0,23,11.958,1,1,1,1,1,1,4,1,1,1,5,4,3,5,3,2,1,1,1,1,1,1,2,4,2
10202,Control,1,0,0,0,1,0,2.625,2.2,1.8,3.45,2.2,1.3,0,44,11.1,2,2,2,3,2,2,1,1,1,1,4,1,4,5,2,1,1,1,1,1,2,2,2,1,1
10203,Animals,0,0,1,0,1,0,4.366666667,6.6,4.733333333,4,3.1,1.1,0,38,43.181,7,6,7,7,6,4,3,2,3,1,5,1,3,5,4,1,1,1,1,1,2,1,1,1,1
10204,Luxury,0,1,0,0,1,0,3.325,4,3,3.65,4,2.7,0,38,16.638,4,3,4,4,5,5,4,5,4,4,5,4,2,2,5,3,2,2,2,3,2,3,3,4,3
10205,Luxury,0,1,0,0,1,0,3.758333333,5,3.666666667,3.85,2.7,1,0,30,17.06,6,6,6,6,1,3,3,1,3,3,2,2,4,4,2,1,1,1,1,1,1,1,1,1,1
10206,Luxury,0,1,0,0,1,0,3.916666667,5.4,3.933333333,3.9,2.8,1,1,23,48.678,5,5,5,6,6,4,2,3,2,2,4,2,2,4,3,1,1,1,1,1,1,1,1,1,1
10207,Control,1,0,0,0,1,0,3.383333333,5,3.666666667,3.1,2.1,1.9,0,23,34.604,4,6,5,6,4,3,2,1,1,2,2,1,3,3,3,3,1,2,1,1,2,2,3,3,1
10208,Control,1,0,0,0,1,0,2.491666667,1.8,1.533333333,3.45,2,1.1,0,28,9.231,2,2,2,2,1,2,1,1,1,1,4,1,2,4,3,1,1,1,1,1,1,1,2,1,1
10209,Memes,0,0,0,1,1,0,4.141666667,5.4,3.933333333,4.35,4.3,1.6,1,23,73.63,6,5,6,7,3,4,5,5,4,4,4,4,5,4,4,1,1,2,1,1,2,1,2,4,1
10210,Memes,0,0,0,1,1,0,4.433333333,6.2,4.466666667,4.4,3.9,1.1,0,50,106.997,6,5,6,7,7,5,3,4,4,4,5,3,3,4,4,1,2,1,1,1,1,1,1,1,1
10211,Animals,0,0,1,0,1,0,3.241666667,4.2,3.133333333,3.35,2,1.3,1,25,7.416,4,5,5,3,4,3,2,3,2,1,2,3,1,2,1,1,1,1,1,1,1,1,2,2,2
10212,Control,1,0,0,0,1,0,3.775,5.8,4.2,3.35,1.7,1,1,35,23.04,6,6,7,6,4,2,1,1,1,1,3,1,2,3,2,1,1,1,1,1,1,1,1,1,1
10213,Memes,0,0,0,1,1,0,3.433333333,3.8,2.866666667,4,3,1,0,37,75.586,3,4,6,4,2,5,3,1,3,3,4,1,3,5,2,1,1,1,1,1,1,1,1,1,1
10214,Luxury,0,1,0,0,1,0,3.533333333,4.4,3.266666667,3.8,3,1.4,0,34,12.515,5,5,6,5,1,5,1,1,1,1,5,1,5,5,5,1,1,1,1,3,3,1,1,1,1
10215,Memes,0,0,0,1,1,0,2.675,2.8,2.2,3.15,1.7,1.4,0,58,135.375,1,2,5,5,1,2,1,1,1,1,3,2,2,2,2,3,1,1,1,1,1,1,1,3,1
10216,Memes,0,0,0,1,1,0,5,7,5,5,5,1,0,29,57.393,7,7,7,7,7,5,5,5,5,5,5,5,5,5,5,1,1,1,1,1,1,1,1,1,1
10217,Control,1,0,0,0,1,0,4.216666667,6,4.333333333,4.1,4,1.8,0,29,6.541,6,6,6,6,6,4,4,4,4,4,4,4,4,4,4,2,2,1,2,2,2,1,2,2,2
10218,Luxury,0,1,0,0,1,0,4.025,5.2,3.8,4.25,3.5,1,0,48,50.967,5,5,6,6,4,4,3,3,3,3,4,3,4,4,4,1,1,1,1,1,1,1,1,1,1
10219,Luxury,0,1,0,0,1,0,4.183333333,6.2,4.466666667,3.9,2.9,1.1,1,32,16.659,7,7,6,5,6,3,2,4,3,2,4,2,4,2,3,1,1,1,1,1,1,1,1,1,2
10220,Animals,0,0,1,0,1,0,4.308333333,6.2,4.466666667,4.15,3.5,1.2,0,37,19.783,6,6,6,7,6,5,4,4,3,3,3,2,4,4,3,1,1,1,1,1,2,1,1,2,1
10221,Luxury,0,1,0,0,1,0,2.275,1,1,3.55,2.2,1.1,1,37,50.214,1,1,1,1,1,4,2,1,2,1,2,3,3,3,1,1,1,1,1,1,2,1,1,1,1
10222,Animals,0,0,1,0,1,0,2.958333333,2.6,2.066666667,3.85,2.7,1,1,27,27.9,3,3,2,3,2,5,2,1,4,1,3,3,1,5,2,1,1,1,1,1,1,1,1,1,1
10223,Animals,0,0,1,0,1,0,3.975,5.8,4.2,3.75,2.5,1,1,30,12.716,5,5,7,6,6,4,2,2,3,1,4,3,1,1,4,1,1,1,1,1,1,1,1,1,1
10224,Memes,0,0,0,1,1,0,3.166666667,3.6,2.733333333,3.6,2.3,1.1,1,51,95.676,4,3,4,5,2,3,1,3,2,2,2,1,4,3,2,1,1,1,1,1,1,1,1,2,1
10225,Animals,0,0,1,0,1,0,3.6,4.6,3.4,3.8,3.6,2,0,24,5.024,5,5,5,5,3,4,4,4,4,4,2,4,4,2,4,2,2,2,2,2,2,2,2,2,2
10226,Animals,0,0,1,0,1,0,4.35,5.8,4.2,4.5,4.1,1.1,1,24,47.102,5,6,6,6,6,5,4,3,4,4,4,4,4,4,5,1,1,1,1,1,1,1,1,2,1
10227,Luxury,0,1,0,0,1,0,3.791666667,4.2,3.133333333,4.45,3.9,1,0,42,75.746,4,4,5,4,4,5,3,4,3,3,5,3,4,5,4,1,1,1,1,1,1,1,1,1,1
10228,Memes,0,0,0,1,1,0,3.775,4.6,3.4,4.15,3.3,1,0,56,42.774,5,6,6,5,1,4,3,3,3,2,4,2,4,4,4,1,1,1,1,1,1,1,1,1,1
10229,Control,1,0,0,0,1,0,4.25,5.8,4.2,4.3,3.6,1,1,39,20.798,5,6,6,6,6,4,2,3,3,3,5,3,4,5,4,1,1,1,1,1,1,1,1,1,1
10230,Control,1,0,0,0,1,0,2.483333333,2.6,2.066666667,2.9,2.5,2.7,0,32,7.285,2,1,1,5,4,2,1,5,5,2,1,4,3,1,1,2,4,2,5,1,5,1,1,3,3
10231,Control,1,0,0,0,1,0,3.375,4,3,3.75,3.1,1.6,0,35,17.761,5,5,3,3,4,5,2,2,3,2,3,2,5,5,2,1,2,2,1,2,1,3,2,1,1
10232,Animals,0,0,1,0,1,0,4.416666667,6.6,4.733333333,4.1,3.2,1,0,30,241.8,6,6,7,7,7,3,3,3,3,2,4,4,3,4,3,1,1,1,1,1,1,1,1,1,1
10233,Memes,0,0,0,1,1,0,2.891666667,1.8,1.533333333,4.25,3.5,1,0,40,105.163,1,3,2,2,1,4,1,3,3,3,5,2,5,5,4,1,1,1,1,1,1,1,1,1,1
10234,Animals,0,0,1,0,1,0,3.466666667,3.6,2.733333333,4.2,3.4,1,0,30,11.336,4,4,5,3,2,4,2,3,4,3,5,3,2,5,3,1,1,1,1,1,1,1,1,1,1
10235,Luxury,0,1,0,0,1,0,3.483333333,5,3.666666667,3.3,1.6,1,1,24,30.863,5,5,5,5,5,2,1,1,2,1,2,1,2,2,2,1,1,1,1,1,1,1,1,1,1
10236,Animals,0,0,1,0,1,0,4.4,5.2,3.8,5,5,1,1,38,27.051,5,5,7,6,3,5,5,5,5,5,5,5,5,5,5,1,1,1,1,1,1,1,1,1,1
10237,Memes,0,0,0,1,1,0,4.2,5.8,4.2,4.2,3.6,1.2,0,29,38.462,6,6,6,6,5,4,4,3,4,3,4,3,3,4,4,1,1,1,1,1,1,1,3,1,1
10238,Memes,0,0,0,1,1,0,3.75,6.4,4.6,2.9,4.4,4.6,0,23,14.899,6,7,6,6,7,4,5,4,5,5,4,4,4,4,5,5,4,5,4,5,5,5,5,4,4
10239,Memes,0,0,0,1,1,0,4.358333333,6.2,4.466666667,4.25,3.6,1.1,1,33,74.294,6,6,7,7,5,4,3,3,3,4,4,3,4,4,4,1,1,2,1,1,1,1,1,1,1
10240,Memes,0,0,0,1,1,0,3.9,5.2,3.8,4,3,1,1,43,73.668,6,6,6,6,2,4,2,2,4,2,4,2,4,3,3,1,1,1,1,1,1,1,1,1,1
10241,Memes,0,0,0,1,1,0,3.941666667,5.4,3.933333333,3.95,4,2.1,0,23,11.126,5,7,6,4,5,4,3,4,4,4,3,4,4,5,5,1,2,1,1,3,3,1,4,4,1
10242,Luxury,0,1,0,0,1,0,3.583333333,5,3.666666667,3.5,3.9,2.9,1,30,4.107,6,5,3,6,5,4,5,4,5,5,2,3,2,4,5,3,3,3,3,4,4,1,2,3,3
10243,Animals,0,0,1,0,1,0,3.875,4.6,3.4,4.35,3.7,1,1,49,36.823,5,4,5,5,4,5,4,4,4,3,4,3,3,4,3,1,1,1,1,1,1,1,1,1,1
10244,Memes,0,0,0,1,1,0,3.075,4,3,3.15,1.5,1.2,0,19,48.127,4,4,4,4,4,3,2,1,1,1,1,1,1,3,1,1,1,1,1,1,1,3,1,1,1
10245,Animals,0,0,1,0,1,0,3.141666667,2.4,1.933333333,4.35,4,1.3,0,36,29.163,2,2,6,1,1,5,1,4,5,4,4,4,5,4,4,3,1,1,1,1,1,1,1,1,2
10246,Animals,0,0,1,0,1,0,4.058333333,6.2,4.466666667,3.65,3.4,2.1,0,40,12.898,7,6,7,5,6,3,3,4,4,3,2,3,4,4,4,1,2,2,2,3,3,3,1,3,1
10247,Luxury,0,1,0,0,1,0,4.125,5.2,3.8,4.45,3.9,1,0,39,16.449,5,5,5,6,5,4,4,4,4,4,3,4,4,4,4,1,1,1,1,1,1,1,1,1,1
10248,Memes,0,0,0,1,1,0,3.058333333,3.8,2.866666667,3.25,3.3,2.8,0,35,10.69,5,4,4,3,3,5,3,4,3,3,2,4,4,3,2,2,2,2,4,3,4,2,2,3,4
10249,Luxury,0,1,0,0,1,0,4.058333333,4.4,3.266666667,4.85,4.7,1,1,40,26.097,3,5,3,5,6,4,5,5,5,3,5,5,5,5,5,1,1,1,1,1,1,1,1,1,1
10250,Animals,0,0,1,0,1,0,3.833333333,5,3.666666667,4,4,2,1,41,11.317,5,5,5,5,5,5,3,4,3,3,5,4,5,4,4,2,2,1,2,3,3,1,3,2,1
10251,Control,1,0,0,0,1,0,2.566666667,2.4,1.933333333,3.2,2.9,2.5,0,31,11.317,3,3,1,3,2,1,2,3,5,3,5,4,2,1,3,3,3,2,1,2,4,1,4,2,3
10252,Control,1,0,0,0,1,0,3.283333333,3.8,2.866666667,3.7,2.4,1,0,40,5.827,4,4,5,4,2,4,1,1,1,1,3,2,3,4,4,1,1,1,1,1,1,1,1,1,1
10253,Luxury,0,1,0,0,1,0,3.391666667,3.6,2.733333333,4.05,3.6,1.5,0,34,6.987,3,5,3,3,4,4,4,4,4,3,3,3,4,4,3,1,2,1,1,1,2,1,1,4,1
10254,Animals,0,0,1,0,1,0,3.641666667,4.2,3.133333333,4.15,3.3,1,1,65,61.8,5,4,4,4,4,4,2,3,4,2,4,3,3,5,3,1,1,1,1,1,1,1,1,1,1
10255,Luxury,0,1,0,0,1,0,2.941666667,1.8,1.533333333,4.35,3.7,1,1,33,18.912,1,5,1,1,1,4,4,4,4,1,4,4,4,4,4,1,1,1,1,1,1,1,1,1,1
10256,Luxury,0,1,0,0,1,0,2.65,1,1,4.3,4.3,1.7,1,57,30.73,1,1,1,1,1,4,4,4,4,5,5,4,4,5,4,1,1,1,1,1,2,1,5,3,1
10257,Animals,0,0,1,0,1,0,4.875,7,5,4.75,4.5,1,0,36,18.558,7,7,7,7,7,5,5,5,5,5,1,5,5,5,4,1,1,1,1,1,1,1,1,1,1
10258,Control,1,0,0,0,1,0,2.15,1,1,3.3,1.6,1,0,42,47.559,1,1,1,1,1,2,1,1,1,1,3,1,2,3,1,1,1,1,1,1,1,1,1,1,1
10259,Control,1,0,0,0,1,0,2.333333333,1.4,1.266666667,3.4,3.3,2.5,0,50,10.133,1,1,1,3,1,4,3,4,2,1,5,2,5,4,3,4,4,1,2,4,4,1,1,1,3
10260,Control,1,0,0,0,1,0,3.383333333,3.2,2.466666667,4.3,3.6,1,1,38,16.667,2,2,6,5,1,5,1,3,3,3,5,3,5,5,3,1,1,1,1,1,1,1,1,1,1
10261,Memes,0,0,0,1,1,0,2.516666667,1.8,1.533333333,3.5,2.3,1.3,0,38,104.117,2,2,3,1,1,3,1,1,2,1,4,2,2,5,2,2,2,1,1,1,2,1,1,1,1
10262,Animals,0,0,1,0,1,0,4.116666667,4.8,3.533333333,4.7,4.4,1,1,55,20.022,5,5,5,4,5,5,5,4,4,4,5,4,4,5,4,1,1,1,1,1,1,1,1,1,1
10263,Animals,0,0,1,0,1,0,4.366666667,6,4.333333333,4.4,3.9,1.1,0,27,18.854,6,6,6,6,6,4,4,4,4,4,4,3,4,4,4,1,1,1,1,1,2,1,1,1,1
10264,Control,1,0,0,0,1,0,4.041666667,5.4,3.933333333,4.15,3.3,1,0,19,3.02,6,5,5,5,6,3,3,2,4,1,5,3,4,4,4,1,1,1,1,1,1,1,1,1,1
10265,Memes,0,0,0,1,1,0,3.441666667,3.6,2.733333333,4.15,3.3,1,0,47,81.656,3,3,3,5,4,4,2,3,2,3,5,2,4,5,3,1,1,1,1,1,1,1,1,1,1
10266,Animals,0,0,1,0,1,0,3.716666667,4.8,3.533333333,3.9,2.9,1.1,0,34,107.294,6,5,5,6,2,4,3,3,3,3,1,3,3,3,3,1,1,1,1,1,1,1,2,1,1
10267,Memes,0,0,0,1,1,0,4.1,7,5,3.2,1.4,1,0,34,61.351,7,7,7,7,7,1,1,1,1,1,3,1,1,3,1,1,1,1,1,1,1,1,1,1,1
10268,Memes,0,0,0,1,1,0,4.033333333,5,3.666666667,4.4,3.8,1,1,58,83.083,6,6,6,6,1,4,3,3,4,3,5,3,3,5,5,1,1,1,1,1,1,1,1,1,1
10269,Control,1,0,0,0,1,0,2.716666667,3,2.333333333,3.1,1.2,1,0,34,9.502,1,1,5,4,4,1,1,1,1,1,2,1,1,2,1,1,1,1,1,1,1,1,1,1,1
10270,Animals,0,0,1,0,1,0,3.783333333,4.4,3.266666667,4.3,3.6,1,1,61,99.37,5,5,5,6,1,5,1,3,4,3,4,4,4,5,3,1,1,1,1,1,1,1,1,1,1
10271,Animals,0,0,1,0,1,0,2.791666667,3,2.333333333,3.25,2.2,1.7,1,27,15.478,3,3,3,3,3,3,2,2,3,1,2,3,3,2,1,2,2,1,1,2,3,1,2,2,1
10272,Animals,0,0,1,0,1,0,3.041666667,3,2.333333333,3.75,2.5,1,0,37,18.387,3,4,4,2,2,3,2,2,2,2,4,2,2,4,2,1,1,1,1,1,1,1,1,1,1
10273,Control,1,0,0,0,1,0,3.808333333,5,3.666666667,3.95,3.9,2,0,26,8.965,6,5,4,7,3,4,3,3,3,5,4,4,5,3,5,4,2,1,2,1,2,1,4,2,1
10274,Animals,0,0,1,0,1,0,3.8,4.6,3.4,4.2,3.4,1,0,48,63.391,5,5,5,5,3,4,3,4,4,3,4,3,3,4,2,1,1,1,1,1,1,1,1,1,1
10275,Control,1,0,0,0,1,0,4.291666667,6,4.333333333,4.25,3.5,1,0,36,20.377,6,6,6,6,6,4,3,3,3,2,4,4,4,5,3,1,1,1,1,1,1,1,1,1,1
10276,Animals,0,0,1,0,1,0,4.15,5.8,4.2,4.1,3.2,1,0,28,26.081,7,7,7,7,1,4,2,4,1,1,4,4,4,4,4,1,1,1,1,1,1,1,1,1,1
10277,Memes,0,0,0,1,1,0,3.083333333,2.6,2.066666667,4.1,3.3,1.1,0,52,83.891,1,2,3,6,1,4,1,4,1,4,5,2,4,5,3,1,1,1,1,1,2,1,1,1,1
10278,Control,1,0,0,0,1,0,4.6,5.8,4.2,5,5,1,0,45,3.856,7,7,7,7,1,5,5,5,5,5,5,5,5,5,5,1,1,1,1,1,1,1,1,1,1
10279,Memes,0,0,0,1,1,0,3.708333333,6.2,4.466666667,2.95,4,4.1,0,29,24.786,5,5,7,7,7,4,4,4,5,4,3,5,4,4,3,4,4,3,4,5,5,5,3,5,3
10280,Memes,0,0,0,1,1,0,4.183333333,5.6,4.066666667,4.3,3.7,1.1,1,44,136.075,6,5,6,6,5,4,5,4,4,4,3,4,3,2,4,1,1,1,1,1,1,1,1,2,1
10281,Animals,0,0,1,0,1,0,2.458333333,2,1.666666667,3.25,1.5,1,1,24,1.431,2,2,2,2,2,3,1,1,1,1,2,1,1,3,1,1,1,1,1,1,1,1,1,1,1
10282,Luxury,0,1,0,0,1,0,4.025,5.2,3.8,4.25,3.5,1,0,63,30.83,6,6,6,6,2,3,2,4,4,5,4,3,3,4,3,1,1,1,1,1,1,1,1,1,1
10283,Luxury,0,1,0,0,1,0,2.5,1.6,1.4,3.6,2.6,1.4,1,59,32.015,1,1,2,2,2,4,1,2,1,1,4,1,4,4,4,1,2,1,1,1,4,1,1,1,1
10284,Animals,0,0,1,0,1,0,3.4,3.4,2.6,4.2,3.4,1,0,34,102.798,3,4,3,4,3,4,4,3,4,2,3,2,4,4,4,1,1,1,1,1,1,1,1,1,1
10285,Luxury,0,1,0,0,1,0,3.833333333,5,3.666666667,4,3.2,1.2,0,28,29.229,5,5,5,5,5,4,3,5,4,3,3,4,4,1,1,1,1,1,1,1,2,1,1,2,1
10286,Memes,0,0,0,1,1,0,3.05,3.4,2.6,3.5,2.3,1.3,1,24,51.643,4,5,3,3,2,3,3,2,2,1,3,2,2,4,1,1,1,1,1,1,1,1,4,1,1
10287,Memes,0,0,0,1,1,0,4.008333333,5,3.666666667,4.35,4,1.3,1,38,11.492,5,5,5,5,5,4,4,4,4,4,4,4,4,4,4,1,1,1,1,1,1,1,1,4,1
10288,Animals,0,0,1,0,1,0,3.6,4.6,3.4,3.8,2.6,1,1,31,22.923,4,4,5,5,5,3,3,2,2,3,3,2,3,3,2,1,1,1,1,1,1,1,1,1,1
10289,Luxury,0,1,0,0,1,0,2.4,1.6,1.4,3.4,1.9,1.1,0,29,57.188,1,2,1,2,2,1,1,1,1,1,4,1,1,4,4,1,1,1,1,1,2,1,1,1,1
10290,Control,1,0,0,0,1,0,3.883333333,5,3.666666667,4.1,3.2,1,1,73,20.672,5,5,6,6,3,4,1,3,3,3,3,4,3,5,3,1,1,1,1,1,1,1,1,1,1
10291,Control,1,0,0,0,1,0,2.375,1.6,1.4,3.35,3.5,2.8,1,28,31.372,1,1,1,4,1,5,5,2,4,1,4,4,2,5,3,3,3,1,2,1,4,5,3,4,2
10292,Animals,0,0,1,0,1,0,3.25,2.2,1.8,4.7,4.4,1,0,30,54.724,2,1,4,3,1,5,4,4,4,4,5,4,5,5,4,1,1,1,1,1,1,1,1,1,1
10293,Animals,0,0,1,0,1,0,3.791666667,4.8,3.533333333,4.05,3.1,1,1,35,36.005,5,5,5,6,3,4,2,3,2,3,4,3,3,4,3,1,1,1,1,1,1,1,1,1,1
10294,Animals,0,0,1,0,1,0,4.15,7,5,3.3,1.6,1,0,25,23.175,7,7,7,7,7,1,1,1,1,1,4,1,1,4,1,1,1,1,1,1,1,1,1,1,1
10295,Memes,0,0,0,1,1,0,3.1,4,3,3.2,3.2,2.8,1,32,123.031,4,4,4,5,3,4,3,3,4,2,3,3,3,4,3,3,4,2,4,2,3,3,3,2,2
10296,Control,1,0,0,0,1,0,2.275,1.6,1.4,3.15,2.1,1.8,1,30,26.844,1,2,2,2,1,2,1,3,2,2,1,2,3,4,1,2,2,3,1,2,2,2,2,1,1
10297,Animals,0,0,1,0,1,0,3.225,3.4,2.6,3.85,2.7,1,0,33,6.777,3,4,6,3,1,2,1,3,2,3,3,2,4,4,3,1,1,1,1,1,1,1,1,1,1
10298,Memes,0,0,0,1,1,0,2.35,1,1,3.7,2.6,1.2,0,29,47.542,1,1,1,1,1,4,1,1,1,1,5,1,4,5,3,1,1,1,1,1,1,1,2,2,1
10299,Luxury,0,1,0,0,1,0,2.283333333,2.6,2.066666667,2.5,2.5,3.5,0,26,28.778,3,3,2,2,3,3,1,2,3,2,3,3,3,3,2,4,4,4,3,2,4,4,2,4,4
10300,Memes,0,0,0,1,1,0,3.916666667,4.8,3.533333333,4.3,3.6,1,0,26,54.849,4,4,5,4,7,5,2,3,4,2,5,3,4,5,3,1,1,1,1,1,1,1,1,1,1
10301,Memes,0,0,0,1,1,0,1.916666667,1.2,1.133333333,2.7,2,2.6,0,43,72.867,1,1,1,1,2,2,2,1,1,2,3,2,2,4,1,2,2,3,2,2,4,3,3,3,2
10302,Control,1,0,0,0,1,0,4.533333333,6.2,4.466666667,4.6,4.2,1,1,43,10.46,7,7,7,7,3,5,3,3,4,3,5,4,5,5,5,1,1,1,1,1,1,1,1,1,1
10303,Control,1,0,0,0,1,0,5,7,5,5,5,1,0,30,6.255,7,7,7,7,7,5,5,5,5,5,5,5,5,5,5,1,1,1,1,1,1,1,1,1,1
10304,Animals,0,0,1,0,1,0,3.483333333,3.8,2.866666667,4.1,3.2,1,1,52,49.918,4,4,3,5,3,4,2,3,3,1,5,2,4,5,3,1,1,1,1,1,1,1,1,1,1
10305,Luxury,0,1,0,0,1,0,2.941666667,4.2,3.133333333,2.75,2.8,3.3,1,22,22.847,3,4,5,5,4,3,4,2,3,3,2,3,3,2,3,4,4,2,4,2,3,3,4,3,4
10306,Animals,0,0,1,0,1,0,2.8,2.8,2.2,3.4,2.2,1.4,0,25,9.758,3,4,3,3,1,3,2,3,2,2,3,1,2,3,1,1,1,1,1,1,2,1,2,3,1
10307,Luxury,0,1,0,0,1,0,2.375,2.2,1.8,2.95,1.3,1.4,0,28,30.484,3,3,1,2,2,1,1,1,1,1,2,1,2,2,1,1,1,1,1,2,2,1,1,3,1
10308,Memes,0,0,0,1,1,0,4.266666667,6,4.333333333,4.2,3.8,1.4,0,36,81.136,6,6,6,6,6,4,4,4,4,4,3,3,4,4,4,1,1,1,1,1,1,1,3,3,1
10309,Animals,0,0,1,0,1,0,3.241666667,4.2,3.133333333,3.35,1.8,1.1,0,47,8.202,5,4,5,5,2,2,2,1,3,1,1,2,1,2,3,1,1,1,1,1,1,1,1,2,1
10310,Animals,0,0,1,0,1,0,3.983333333,5,3.666666667,4.3,3.6,1,1,61,46.061,5,5,5,5,5,4,3,4,4,4,4,2,4,4,3,1,1,1,1,1,1,1,1,1,1
10311,Memes,0,0,0,1,1,0,4.233333333,6.2,4.466666667,4,3,1,0,70,56.221,6,6,6,6,7,4,2,2,4,1,4,3,4,4,2,1,1,1,1,1,1,1,1,1,1
10312,Control,1,0,0,0,1,0,4.116666667,6,4.333333333,3.9,2.8,1,0,35,10.965,6,6,6,6,6,3,3,2,2,3,4,2,3,4,2,1,1,1,1,1,1,1,1,1,1
10313,Luxury,0,1,0,0,1,0,2.433333333,1.4,1.266666667,3.6,2.2,1,1,60,17.989,1,2,1,2,1,2,1,1,1,1,4,1,3,4,4,1,1,1,1,1,1,1,1,1,1
10314,Control,1,0,0,0,1,0,2.808333333,3.2,2.466666667,3.15,1.3,1,0,26,13.498,4,3,4,4,1,2,1,1,1,1,2,1,1,2,1,1,1,1,1,1,1,1,1,1,1
10315,Control,1,0,0,0,1,0,3.05,2.8,2.2,3.9,3.5,1.7,1,28,68.496,2,1,3,3,5,2,4,4,4,2,4,2,5,5,3,3,1,1,1,2,1,1,1,5,1
10316,Memes,0,0,0,1,1,0,2.925,3.4,2.6,3.25,1.6,1.1,0,25,27.609,4,3,4,3,3,2,1,1,1,1,1,1,1,5,2,1,1,1,1,1,1,1,1,2,1
10317,Memes,0,0,0,1,1,0,3.016666667,2.4,1.933333333,4.1,3.2,1,0,48,95.555,3,3,2,2,2,3,1,3,3,1,5,2,5,5,4,1,1,1,1,1,1,1,1,1,1
10318,Luxury,0,1,0,0,1,0,3.933333333,5,3.666666667,4.2,3.4,1,1,44,11.806,5,5,5,6,4,4,3,3,3,3,3,3,4,4,4,1,1,1,1,1,1,1,1,1,1
10319,Animals,0,0,1,0,1,0,3.608333333,4.4,3.266666667,3.95,2.9,1,1,44,8.077,4,4,5,5,4,5,3,3,3,2,1,4,3,2,3,1,1,1,1,1,1,1,1,1,1
10320,Luxury,0,1,0,0,1,0,2.025,1,1,3.05,2,1.9,0,35,51.138,1,1,1,1,1,3,1,1,1,2,3,2,2,3,2,3,3,1,1,1,3,1,4,1,1
10321,Memes,0,0,0,1,1,0,4.35,7,5,3.7,2.4,1,1,29,32.797,7,7,7,7,7,4,1,2,1,1,5,1,2,5,2,1,1,1,1,1,1,1,1,1,1
10322,Luxury,0,1,0,0,1,0,4.016666667,5.4,3.933333333,4.1,3.2,1,0,26,25.613,5,5,6,5,6,4,3,3,3,3,4,3,3,4,2,1,1,1,1,1,1,1,1,1,1
10323,Luxury,0,1,0,0,1,0,2.816666667,3.6,2.733333333,2.9,1,1.2,1,55,49.187,3,3,4,5,3,1,1,1,1,1,1,1,1,1,1,1,1,1,1,3,1,1,1,1,1
10324,Control,1,0,0,0,1,0,3.983333333,5.6,4.066666667,3.9,3.2,1.4,0,40,7.629,5,7,7,7,2,4,2,2,3,1,5,2,4,5,4,1,2,1,1,1,2,1,2,2,1
10325,Luxury,0,1,0,0,1,0,2.75,2.8,2.2,3.3,2.2,1.6,0,50,85.236,3,3,4,3,1,3,2,2,2,1,3,1,2,3,3,1,2,1,1,3,3,1,1,2,1
10326,Animals,0,0,1,0,1,0,3.541666667,4.2,3.133333333,3.95,2.9,1,0,63,148.689,5,5,5,5,1,2,2,3,2,3,4,2,4,4,3,1,1,1,1,1,1,1,1,1,1
10327,Animals,0,0,1,0,1,0,3.175,2.8,2.2,4.15,3.3,1,0,38,51.493,2,5,3,3,1,4,3,3,3,2,4,3,2,5,4,1,1,1,1,1,1,1,1,1,1
10328,Luxury,0,1,0,0,1,0,2.725,2.8,2.2,3.25,3.3,2.8,1,35,141.309,2,3,2,3,4,2,5,3,4,2,5,3,4,4,1,2,2,3,1,2,2,2,5,4,5
10329,Control,1,0,0,0,1,0,3.816666667,4.8,3.533333333,4.1,3.2,1,1,61,13.871,5,5,5,5,4,4,3,3,3,3,3,3,4,3,3,1,1,1,1,1,1,1,1,1,1
10330,Control,1,0,0,0,1,0,3.633333333,5.6,4.066666667,3.2,1.4,1,1,28,16.924,5,7,6,5,5,2,1,1,1,1,2,1,1,2,2,1,1,1,1,1,1,1,1,1,1
10331,Memes,0,0,0,1,1,0,2.35,1.6,1.4,3.3,2.6,2,1,40,59.321,1,1,1,4,1,2,2,2,2,2,4,2,2,4,4,2,2,2,2,2,2,2,2,2,2
10332,Control,1,0,0,0,1,0,4.808333333,6.8,4.866666667,4.75,4.5,1,1,51,2.283,7,7,7,7,6,5,4,5,4,4,5,4,5,4,5,1,1,1,1,1,1,1,1,1,1
10333,Memes,0,0,0,1,1,0,3.883333333,5.6,4.066666667,3.7,2.4,1,0,29,32.822,5,6,6,6,5,5,3,1,5,1,3,2,1,2,1,1,1,1,1,1,1,1,1,1,1
10334,Control,1,0,0,0,1,0,3.433333333,5,3.666666667,3.2,3.5,3.1,1,38,128.385,6,5,4,4,6,3,4,3,4,3,3,4,4,4,3,4,3,3,3,2,3,4,3,4,2
10335,Control,1,0,0,0,1,0,3.558333333,3.8,2.866666667,4.25,3.5,1,0,31,35.306,2,2,4,5,6,4,2,5,4,3,4,1,5,5,2,1,1,1,1,1,1,1,1,1,1
10336,Luxury,0,1,0,0,1,0,3.4,5.2,3.8,3,1.8,1.8,0,42,58.908,5,4,5,6,6,2,2,2,1,1,3,1,1,3,2,1,3,1,1,4,3,1,1,2,1
10337,Animals,0,0,1,0,1,0,4.358333333,6.8,4.866666667,3.85,2.7,1,0,67,55.705,7,7,7,7,6,3,2,1,2,3,4,1,3,5,3,1,1,1,1,1,1,1,1,1,1
10338,Luxury,0,1,0,0,1,0,3.283333333,4.4,3.266666667,3.3,3.8,3.2,0,32,11.422,4,5,6,3,4,3,5,5,3,4,3,4,3,5,3,2,2,4,3,4,4,4,4,4,1
10339,Animals,0,0,1,0,1,0,3.891666667,4.8,3.533333333,4.25,3.5,1,1,28,12.726,5,6,6,5,2,4,5,3,5,3,2,3,2,5,3,1,1,1,1,1,1,1,1,1,1
10340,Animals,0,0,1,0,1,0,3.966666667,4.8,3.533333333,4.4,3.8,1,1,64,82.261,6,4,6,6,2,5,2,3,3,3,5,4,4,5,4,1,1,1,1,1,1,1,1,1,1
10341,Animals,0,0,1,0,1,0,4.275,5.8,4.2,4.35,3.9,1.2,0,28,7.623,5,5,6,6,7,4,5,3,5,4,3,4,4,4,3,1,1,1,1,1,1,2,1,2,1
10342,Memes,0,0,0,1,1,0,3.866666667,6,4.333333333,3.4,1.8,1,0,33,43.943,6,6,6,6,6,1,1,3,1,3,1,1,1,3,3,1,1,1,1,1,1,1,1,1,1
10343,Memes,0,0,0,1,1,0,3.125,3.4,2.6,3.65,3.6,2.3,1,28,32.363,3,3,3,5,3,4,4,4,2,4,3,3,4,4,4,3,2,3,2,3,2,2,2,2,2
10344,Animals,0,0,1,0,1,0,3.091666667,4.2,3.133333333,3.05,1.1,1,0,29,7.18,5,5,5,5,1,1,1,1,1,1,1,1,1,2,1,1,1,1,1,1,1,1,1,1,1
10345,Animals,0,0,1,0,1,0,2.075,1,1,3.15,1.3,1,0,30,7.286,1,1,1,1,1,1,1,1,1,1,1,1,1,4,1,1,1,1,1,1,1,1,1,1,1
10346,Memes,0,0,0,1,1,0,4.608333333,6.2,4.466666667,4.75,4.5,1,0,30,48.531,6,6,6,7,6,4,4,5,4,4,5,5,4,5,5,1,1,1,1,1,1,1,1,1,1
10347,Memes,0,0,0,1,1,0,3.225,3.4,2.6,3.85,3.1,1.4,1,30,17.284,3,4,4,2,4,4,4,3,3,3,1,4,3,3,3,2,2,1,1,1,2,1,1,1,2
10348,Luxury,0,1,0,0,1,0,4.175,7,5,3.35,1.7,1,1,29,2.169,7,7,7,7,7,1,2,1,1,1,4,1,1,4,1,1,1,1,1,1,1,1,1,1,1
10349,Animals,0,0,1,0,1,0,2.941666667,3,2.333333333,3.55,2.1,1,0,40,22.912,4,3,4,3,1,2,2,3,2,1,3,2,2,3,1,1,1,1,1,1,1,1,1,1,1
10350,Control,1,0,0,0,1,0,3.7,4.6,3.4,4,3,1,1,38,7.24,3,5,6,5,4,4,4,2,1,3,3,3,4,4,2,1,1,1,1,1,1,1,1,1,1
10351,Luxury,0,1,0,0,1,0,4.366666667,6,4.333333333,4.4,3.8,1,1,60,91.594,6,6,6,6,6,4,3,4,4,3,5,4,3,5,3,1,1,1,1,1,1,1,1,1,1
10352,Luxury,0,1,0,0,1,0,2.441666667,1.8,1.533333333,3.35,2.1,1.4,0,33,11.479,1,2,2,3,1,3,1,2,1,2,2,2,3,3,2,1,2,1,1,1,2,2,2,1,1
10353,Luxury,0,1,0,0,1,0,2.975,3.4,2.6,3.35,2,1.3,0,31,31.359,3,3,5,4,2,2,1,1,2,1,3,2,1,4,3,1,1,1,1,1,2,1,2,2,1
10354,Animals,0,0,1,0,1,0,4.391666667,6.6,4.733333333,4.05,3.1,1,1,42,13.089,7,7,7,7,5,4,3,3,3,3,4,3,1,4,3,1,1,1,1,1,1,1,1,1,1
10355,Control,1,0,0,0,1,0,4.116666667,6,4.333333333,3.9,3.9,2.1,0,34,12.759,6,6,6,6,6,4,4,5,4,1,5,4,4,4,4,2,2,2,2,1,3,2,3,2,2
10356,Animals,0,0,1,0,1,0,2.25,1,1,3.5,2,1,1,37,27.001,1,1,1,1,1,5,1,1,3,1,1,1,1,5,1,1,1,1,1,1,1,1,1,1,1
10357,Animals,0,0,1,0,1,0,3.383333333,3.8,2.866666667,3.9,2.8,1,0,35,20.527,4,4,4,5,2,3,2,2,3,2,4,2,4,4,2,1,1,1,1,1,1,1,1,1,1
10358,Luxury,0,1,0,0,1,0,4.166666667,5.4,3.933333333,4.4,3.8,1,0,46,58.564,5,5,6,5,6,4,3,4,4,3,4,4,4,4,4,1,1,1,1,1,1,1,1,1,1
10359,Memes,0,0,0,1,1,0,3.55,5.2,3.8,3.3,1.6,1,0,43,10.078,6,5,5,5,5,2,2,1,2,1,1,2,1,2,2,1,1,1,1,1,1,1,1,1,1
10360,Memes,0,0,0,1,1,0,3.3,3.4,2.6,4,3.8,1.8,0,46,31.628,3,3,4,3,4,5,1,4,4,4,4,3,4,5,4,2,2,2,1,2,2,1,2,2,2
10361,Luxury,0,1,0,0,1,0,3.416666667,4.2,3.133333333,3.7,2.9,1.5,1,36,17.525,5,4,5,5,2,3,1,4,1,3,2,3,4,4,4,2,2,1,2,1,1,1,2,2,1
10362,Memes,0,0,0,1,1,0,2.5,1,1,4,3,1,1,56,85.322,1,1,1,1,1,3,1,4,3,3,4,1,4,4,3,1,1,1,1,1,1,1,1,1,1
10363,Control,1,0,0,0,1,0,2.6,2.2,1.8,3.4,2.6,1.8,0,35,6.08,3,3,2,2,1,3,2,1,2,2,4,1,4,4,3,3,1,1,2,1,2,1,3,2,2
10364,Luxury,0,1,0,0,1,0,4.025,4.6,3.4,4.65,4.3,1,0,40,48.898,3,5,5,5,5,5,4,4,5,4,4,4,4,4,5,1,1,1,1,1,1,1,1,1,1
10365,Animals,0,0,1,0,1,0,1.833333333,1.4,1.266666667,2.4,1.3,2.5,1,34,85.305,1,2,1,2,1,2,1,1,1,1,2,1,1,2,1,3,3,1,2,2,4,2,4,2,2
10366,Control,1,0,0,0,1,0,4.625,7,5,4.25,3.8,1.3,0,31,22.03,7,7,7,7,7,4,4,4,3,4,3,4,4,4,4,2,1,1,1,1,1,1,2,2,1
10367,Animals,0,0,1,0,1,0,2.616666667,1.2,1.133333333,4.1,3.2,1,1,32,44.172,1,1,2,1,1,4,1,4,3,1,4,4,4,4,3,1,1,1,1,1,1,1,1,1,1
10368,Memes,0,0,0,1,1,0,2.875,2.2,1.8,3.95,2.9,1,0,20,42.349,2,2,2,3,2,3,4,2,3,2,3,2,2,4,4,1,1,1,1,1,1,1,1,1,1
10369,Control,1,0,0,0,1,0,4.058333333,6.2,4.466666667,3.65,2.4,1.1,0,27,3.764,6,7,6,7,5,4,1,3,1,3,4,1,2,4,1,1,1,1,1,1,2,1,1,1,1
10370,Luxury,0,1,0,0,1,0,3.933333333,5,3.666666667,4.2,3.4,1,0,31,46.087,6,5,6,5,3,4,4,3,4,2,2,4,3,4,4,1,1,1,1,1,1,1,1,1,1
10371,Animals,0,0,1,0,1,0,4.066666667,4.8,3.533333333,4.6,4.2,1,1,21,34.189,5,5,5,5,4,4,4,5,5,5,1,5,5,3,5,1,1,1,1,1,1,1,1,1,1
10372,Control,1,0,0,0,1,0,3.208333333,3.2,2.466666667,3.95,2.9,1,1,23,3.901,3,4,4,3,2,4,3,2,3,1,5,1,2,5,3,1,1,1,1,1,1,1,1,1,1
10373,Luxury,0,1,0,0,1,0,2.8,2.8,2.2,3.4,2.6,1.8,0,30,11.872,2,3,3,4,2,4,2,2,1,2,4,2,2,4,3,1,2,1,3,1,3,4,1,1,1
10374,Luxury,0,1,0,0,1,0,4.291666667,6,4.333333333,4.25,3.5,1,1,35,22.548,5,6,5,7,7,4,2,4,3,3,4,3,5,4,3,1,1,1,1,1,1,1,1,1,1
10375,Control,1,0,0,0,1,0,3.333333333,3.8,2.866666667,3.8,2.6,1,1,33,34.707,4,4,4,4,3,3,2,3,3,1,4,2,2,4,2,1,1,1,1,1,1,1,1,1,1
10376,Control,1,0,0,0,1,0,2.666666667,2.4,1.933333333,3.4,1.9,1.1,1,56,31.72,1,2,4,3,2,3,1,1,1,1,4,1,2,4,1,1,1,1,1,1,2,1,1,1,1
10377,Animals,0,0,1,0,1,0,4.775,7,5,4.55,4.1,1,0,30,569.54,7,7,7,7,7,5,4,3,4,4,3,4,5,5,4,1,1,1,1,1,1,1,1,1,1
10378,Animals,0,0,1,0,1,0,2.4,1.6,1.4,3.4,2.1,1.3,0,34,39.33,1,2,3,1,1,2,1,1,2,1,4,3,2,4,1,1,1,2,1,1,2,1,1,2,1
10379,Luxury,0,1,0,0,1,0,2.091666667,1.2,1.133333333,3.05,1.6,1.5,1,46,134.129,1,2,1,1,1,2,1,1,1,1,3,1,2,3,1,1,2,2,1,2,2,2,1,1,1
10380,Memes,0,0,0,1,1,0,4.15,5.8,4.2,4.1,3.5,1.3,0,38,121.573,6,6,7,7,3,5,4,4,4,1,4,3,4,4,2,1,1,2,1,1,1,1,2,2,1
10381,Luxury,0,1,0,0,1,0,2.5,3.4,2.6,2.4,1.3,2.5,0,38,8.078,3,3,3,5,3,1,1,1,1,1,1,1,1,1,4,2,4,2,2,2,5,4,1,2,1
10382,Luxury,0,1,0,0,1,0,3.041666667,3,2.333333333,3.75,2.8,1.3,1,28,37.42,3,3,4,3,2,2,2,3,3,3,3,2,3,4,3,1,1,1,1,1,1,1,3,2,1
10383,Animals,0,0,1,0,1,0,2.666666667,2.4,1.933333333,3.4,1.9,1.1,0,35,38.416,2,3,3,2,2,2,1,2,3,2,2,2,1,3,1,1,1,1,1,1,1,2,1,1,1
10384,Control,1,0,0,0,1,0,3.65,5.2,3.8,3.5,2.1,1.1,1,32,22.429,6,6,6,6,2,3,1,3,1,1,3,1,3,4,1,1,1,1,1,1,1,1,1,2,1
10385,Control,1,0,0,0,1,0,4.158333333,5,3.666666667,4.65,4.3,1,0,65,66.958,5,5,5,5,5,1,4,4,5,4,5,5,5,5,5,1,1,1,1,1,1,1,1,1,1
10386,Memes,0,0,0,1,1,0,3.275,3.4,2.6,3.95,3,1.1,0,44,48.891,4,4,4,4,1,3,1,3,2,3,2,4,5,3,4,1,1,1,1,1,1,1,1,2,1
10387,Luxury,0,1,0,0,1,0,3.525,5.8,4.2,2.85,3.8,4.1,1,28,13.197,7,6,6,5,5,3,5,3,4,4,4,4,3,4,4,5,3,5,5,4,4,3,5,3,4
10388,Luxury,0,1,0,0,1,0,2.708333333,2.6,2.066666667,3.35,1.7,1,0,25,21.975,2,3,4,3,1,2,1,1,2,1,3,1,1,3,2,1,1,1,1,1,1,1,1,1,1
10389,Control,1,0,0,0,1,0,3.541666667,5.4,3.933333333,3.15,2.1,1.8,1,26,4.876,5,5,7,5,5,3,2,2,2,2,2,2,2,2,2,2,2,2,1,1,1,1,3,4,1
10390,Memes,0,0,0,1,1,0,4.875,7,5,4.75,4.6,1.1,1,55,79.615,7,7,7,7,7,5,4,5,4,5,5,4,5,5,4,1,1,1,1,1,1,1,2,1,1
10391,Memes,0,0,0,1,1,0,3.4,3.4,2.6,4.2,3.6,1.2,1,43,130.127,3,4,3,5,2,5,2,3,2,3,5,2,4,5,5,2,1,1,1,1,2,1,1,1,1
10392,Control,1,0,0,0,1,0,4.375,6.4,4.6,4.15,3.3,1,0,49,7.991,6,6,7,7,6,4,2,3,3,3,4,3,4,4,3,1,1,1,1,1,1,1,1,1,1
10393,Luxury,0,1,0,0,1,0,2.533333333,2,1.666666667,3.4,1.9,1.1,1,26,36.479,1,4,2,2,1,3,1,1,1,1,4,1,1,4,2,1,1,1,1,1,2,1,1,1,1
10394,Memes,0,0,0,1,1,0,4.516666667,6,4.333333333,4.7,4.4,1,0,28,77.268,6,6,6,5,7,5,5,3,4,4,4,5,5,5,4,1,1,1,1,1,1,1,1,1,1
10395,Control,1,0,0,0,1,0,4.141666667,6.6,4.733333333,3.55,2.1,1,1,24,17.869,6,7,7,7,6,3,1,2,2,1,3,2,2,3,2,1,1,1,1,1,1,1,1,1,1
10396,Control,1,0,0,0,1,0,3.941666667,6,4.333333333,3.55,2.2,1.1,0,29,39.37,6,7,6,6,5,3,2,3,1,3,2,1,2,3,2,1,1,1,1,1,2,1,1,1,1
10397,Control,1,0,0,0,1,0,4.183333333,6.2,4.466666667,3.9,3.1,1.3,0,34,6.104,7,5,7,6,6,3,3,3,2,3,4,3,3,4,3,1,1,2,1,1,1,1,2,2,1
10398,Luxury,0,1,0,0,1,0,3.783333333,5,3.666666667,3.9,2.8,1,0,38,25.226,5,5,5,5,5,3,3,3,3,3,1,3,3,3,3,1,1,1,1,1,1,1,1,1,1
10399,Control,1,0,0,0,1,0,1.8,1,1,2.6,1.3,2.1,1,51,17.837,1,1,1,1,1,2,1,1,1,1,2,1,1,2,1,4,3,1,1,4,4,1,1,1,1
10400,Animals,0,0,1,0,1,0,3.3,4.6,3.4,3.2,2.3,1.9,0,21,10.385,5,5,4,5,4,3,2,2,3,1,3,3,3,2,1,3,1,1,3,2,2,2,1,1,3
10401,Animals,0,0,1,0,1,0,4.133333333,5.6,4.066666667,4.2,3.6,1.2,0,31,25.651,5,5,6,6,6,4,4,3,4,3,4,3,3,4,4,2,1,1,1,1,2,1,1,1,1
10402,Luxury,0,1,0,0,1,0,2.416666667,1.8,1.533333333,3.3,2.4,1.8,1,44,22.833,1,3,3,1,1,2,1,2,3,1,4,1,2,4,4,2,2,1,1,3,3,1,2,2,1
10403,Memes,0,0,0,1,1,0,4.35,7,5,3.7,2.6,1.2,0,30,25.411,7,7,7,7,7,3,2,3,2,2,3,1,3,5,2,1,1,1,1,1,2,1,1,2,1
10404,Control,1,0,0,0,1,0,3.7,4,3,4.4,3.8,1,1,64,27.236,4,4,5,5,2,4,3,4,3,4,4,4,4,4,4,1,1,1,1,1,1,1,1,1,1
10405,Memes,0,0,0,1,1,0,2.483333333,2,1.666666667,3.3,1.6,1,0,48,46.847,2,2,2,2,2,2,1,1,1,1,2,1,1,3,3,1,1,1,1,1,1,1,1,1,1
10406,Memes,0,0,0,1,1,0,4.466666667,6,4.333333333,4.6,4.2,1,0,49,78.163,6,6,6,6,6,4,4,4,4,4,4,4,4,5,5,1,1,1,1,1,1,1,1,1,1
10407,Animals,0,0,1,0,1,0,4.05,7,5,3.1,1.2,1,0,34,25.3,7,7,7,7,7,1,1,1,1,1,2,1,1,2,1,1,1,1,1,1,1,1,1,1,1
10408,Animals,0,0,1,0,1,0,1.791666667,1.2,1.133333333,2.45,2,3.1,1,29,29.035,1,1,1,2,1,4,2,1,1,1,3,2,1,3,2,4,4,5,2,1,1,5,4,3,2
10409,Memes,0,0,0,1,1,0,4.2,5.8,4.2,4.2,3.4,1,0,41,88.171,6,5,6,6,6,3,3,3,4,3,4,3,4,4,3,1,1,1,1,1,1,1,1,1,1
10410,Animals,0,0,1,0,1,0,3.5,4.6,3.4,3.6,2.2,1,1,53,166.131,5,5,5,5,3,4,2,2,4,1,2,2,2,2,1,1,1,1,1,1,1,1,1,1,1
10411,Animals,0,0,1,0,1,0,4.058333333,5,3.666666667,4.45,3.9,1,0,26,12.381,5,5,5,5,5,5,5,3,4,3,3,3,4,5,4,1,1,1,1,1,1,1,1,1,1
10412,Animals,0,0,1,0,1,0,4,5.2,3.8,4.2,3.4,1,0,46,40.027,5,5,6,5,5,4,2,4,3,3,4,3,3,4,4,1,1,1,1,1,1,1,1,1,1
10413,Memes,0,0,0,1,1,0,3.5,4,3,4,3.4,1.4,1,37,67.751,4,4,4,4,4,3,3,3,4,4,3,4,4,3,3,2,1,1,1,2,2,1,1,1,2
10414,Memes,0,0,0,1,1,0,4.075,5.8,4.2,3.95,2.9,1,1,60,114.752,6,6,6,6,5,5,2,2,2,2,3,4,3,4,2,1,1,1,1,1,1,1,1,1,1
10415,Memes,0,0,0,1,1,0,3.65,5.2,3.8,3.5,2,1,1,29,45.039,5,7,6,7,1,3,1,2,1,2,4,1,1,4,1,1,1,1,1,1,1,1,1,1,1
10416,Animals,0,0,1,0,1,0,4.058333333,5.6,4.066666667,4.05,3.1,1,0,49,19.033,6,6,5,7,4,4,1,3,2,2,5,3,4,5,2,1,1,1,1,1,1,1,1,1,1
10417,Luxury,0,1,0,0,1,0,3.85,4.6,3.4,4.3,3.6,1,1,23,28.004,5,5,4,5,4,5,2,3,4,4,4,4,3,4,3,1,1,1,1,1,1,1,1,1,1
10418,Control,1,0,0,0,1,0,3.558333333,4.4,3.266666667,3.85,2.7,1,1,47,11.484,5,4,5,5,3,3,2,2,2,2,4,2,3,4,3,1,1,1,1,1,1,1,1,1,1
10419,Control,1,0,0,0,1,0,3.508333333,5,3.666666667,3.35,2.1,1.4,1,48,3.148,6,6,6,5,2,2,1,1,2,1,3,2,4,4,1,1,1,2,1,1,1,1,3,2,1
10420,Animals,0,0,1,0,1,0,2.733333333,2,1.666666667,3.8,2.8,1.2,1,30,39.383,2,3,2,2,1,4,1,3,2,1,4,4,4,4,1,2,1,1,1,1,1,1,2,1,1
10421,Animals,0,0,1,0,1,0,3.633333333,4.4,3.266666667,4,3,1,1,46,19.801,5,5,4,5,3,3,1,4,1,5,4,1,3,4,4,1,1,1,1,1,1,1,1,1,1
10422,Luxury,0,1,0,0,1,0,3.533333333,5,3.666666667,3.4,1.9,1.1,1,31,18.58,5,5,5,5,5,1,1,3,1,1,4,1,1,4,2,1,1,1,1,1,2,1,1,1,1
10423,Animals,0,0,1,0,1,0,2.933333333,3.8,2.866666667,3,2.5,2.5,1,34,21.61,4,4,4,4,3,3,2,2,2,2,3,2,4,3,2,3,2,3,3,1,2,3,3,3,2
10424,Memes,0,0,0,1,1,0,1.275,1,1,1.55,1.2,4.1,0,23,59.901,1,1,1,1,1,1,1,1,1,1,1,1,1,3,1,5,4,5,5,2,2,5,4,4,5
10425,Control,1,0,0,0,1,0,3.358333333,3.8,2.866666667,3.85,3.1,1.4,0,26,52.419,2,5,5,5,2,3,2,3,3,3,4,2,4,4,3,2,1,1,1,1,2,1,2,2,1
10426,Control,1,0,0,0,1,0,2.191666667,1.8,1.533333333,2.85,1.4,1.7,1,32,15.759,1,1,3,3,1,1,1,1,1,1,1,1,3,2,2,1,1,1,1,4,5,1,1,1,1
10427,Animals,0,0,1,0,1,0,2.575,2.2,1.8,3.35,2.1,1.4,0,37,49.785,1,3,3,3,1,2,1,1,2,1,4,1,2,4,3,1,1,1,1,2,2,1,2,2,1
10428,Control,1,0,0,0,1,0,3.633333333,3.8,2.866666667,4.4,3.9,1.1,1,46,69.077,3,2,3,5,6,5,2,3,3,2,5,4,5,5,5,1,1,1,1,1,2,1,1,1,1
10429,Luxury,0,1,0,0,1,0,2.825,2.8,2.2,3.45,2.4,1.5,1,34,25.697,3,3,4,3,1,3,1,2,3,1,2,4,3,2,3,2,2,1,1,1,1,3,1,1,2
10430,Luxury,0,1,0,0,1,0,4.25,5.2,3.8,4.7,4.4,1,0,38,150.606,5,6,6,4,5,5,5,5,4,4,2,5,5,5,4,1,1,1,1,1,1,1,1,1,1
10431,Animals,0,0,1,0,1,0,2.716666667,2.4,1.933333333,3.5,2,1,1,55,86.529,1,2,4,3,2,3,1,2,3,1,2,2,2,2,2,1,1,1,1,1,1,1,1,1,1
10432,Memes,0,0,0,1,1,0,2.225,1,1,3.45,1.9,1,0,32,53.666,1,1,1,1,1,2,1,1,1,2,4,1,2,4,1,1,1,1,1,1,1,1,1,1,1
10433,Luxury,0,1,0,0,1,0,3.841666667,6,4.333333333,3.35,2,1.3,1,28,216.739,6,6,6,6,6,3,2,1,1,1,3,1,2,3,3,1,1,1,1,2,2,1,1,2,1
10434,Animals,0,0,1,0,1,0,4.658333333,6.8,4.866666667,4.45,3.9,1,0,53,39.801,7,7,7,7,6,5,2,5,3,3,5,3,5,5,3,1,1,1,1,1,1,1,1,1,1
10435,Control,1,0,0,0,1,0,3.558333333,4.4,3.266666667,3.85,2.7,1,1,34,13.016,4,5,5,4,4,3,2,2,2,3,4,1,4,4,2,1,1,1,1,1,1,1,1,1,1
10436,Control,1,0,0,0,1,0,4.191666667,5.4,3.933333333,4.45,3.9,1,0,36,46.01,6,6,6,6,3,4,3,4,4,3,5,4,4,5,3,1,1,1,1,1,1,1,1,1,1
10437,Luxury,0,1,0,0,1,0,3.575,6.4,4.6,2.55,1.4,2.3,0,34,28.522,6,6,6,7,7,1,1,1,1,1,1,1,1,5,1,1,3,1,1,5,4,5,1,1,1
10438,Memes,0,0,0,1,1,0,3.95,5.2,3.8,4.1,3.2,1,0,39,93.209,6,6,5,5,4,5,2,3,2,2,3,3,4,4,4,1,1,1,1,1,1,1,1,1,1
10439,Memes,0,0,0,1,1,0,2.85,2.2,1.8,3.9,2.9,1.1,0,29,22.509,2,2,3,2,2,3,3,3,3,3,2,3,3,3,3,1,1,1,1,2,1,1,1,1,1
10440,Control,1,0,0,0,1,0,4.075,5.2,3.8,4.35,4.1,1.4,0,29,20.946,5,5,6,5,5,4,4,4,4,5,4,4,4,4,4,3,1,1,1,1,1,1,1,3,1
10441,Control,1,0,0,0,1,0,4.3,5.8,4.2,4.4,3.8,1,1,41,3.934,6,6,6,6,5,4,3,3,4,3,5,4,3,5,4,1,1,1,1,1,1,1,1,1,1
10442,Luxury,0,1,0,0,1,0,2.625,1.6,1.4,3.85,2.7,1,0,37,44.961,2,1,2,2,1,4,1,4,1,2,4,2,3,4,2,1,1,1,1,1,1,1,1,1,1
10443,Animals,0,0,1,0,1,0,4.3,7,5,3.6,4.2,3,0,32,20.473,7,7,7,7,7,5,1,5,5,5,5,1,5,5,5,1,5,5,1,5,1,5,1,5,1
10444,Memes,0,0,0,1,1,0,3.966666667,5.4,3.933333333,4,3,1,1,46,124.563,5,5,6,5,6,4,1,4,2,2,5,1,2,5,4,1,1,1,1,1,1,1,1,1,1
10445,Animals,0,0,1,0,1,0,2.166666667,1.2,1.133333333,3.2,1.4,1,0,31,31.413,1,1,2,1,1,3,1,1,1,1,3,1,1,1,1,1,1,1,1,1,1,1,1,1,1
10446,Animals,0,0,1,0,1,0,4.291666667,6,4.333333333,4.25,3.5,1,1,24,17.546,6,6,6,6,6,4,4,3,5,2,4,3,3,4,3,1,1,1,1,1,1,1,1,1,1
10447,Control,1,0,0,0,1,0,2.833333333,3.8,2.866666667,2.8,2.7,3.1,0,31,4.972,4,3,3,4,5,2,2,3,3,2,4,3,3,3,2,4,3,2,4,3,4,2,4,2,3
10448,Animals,0,0,1,0,1,0,2.858333333,2.6,2.066666667,3.65,2.3,1,1,30,18.657,2,4,2,2,3,3,2,2,2,2,3,2,2,3,2,1,1,1,1,1,1,1,1,1,1
10449,Memes,0,0,0,1,1,0,3.475,4.6,3.4,3.55,2.6,1.5,0,35,116.217,5,4,6,5,3,4,2,2,2,2,4,2,3,2,3,2,1,1,1,1,1,2,3,2,1
10450,Memes,0,0,0,1,1,0,3.566666667,4.8,3.533333333,3.6,2.9,1.7,0,39,57.223,4,4,5,6,5,2,2,4,3,3,3,3,2,4,3,2,2,1,1,1,1,1,3,4,1
10451,Control,1,0,0,0,1,0,2.216666667,1.2,1.133333333,3.3,2.1,1.5,0,28,199.826,2,1,1,1,1,2,1,1,1,1,3,2,3,3,4,1,2,1,1,3,3,1,1,1,1
10452,Control,1,0,0,0,1,0,3.3,4,3,3.6,2.2,1,1,36,10.772,3,4,5,4,4,3,1,2,2,1,4,1,2,4,2,1,1,1,1,1,1,1,1,1,1
10453,Luxury,0,1,0,0,1,0,3.458333333,5,3.666666667,3.25,1.7,1.2,1,22,20.379,5,5,5,5,5,2,2,1,2,1,2,1,2,2,2,1,1,1,1,1,1,1,3,1,1
10454,Memes,0,0,0,1,1,0,4.566666667,6.6,4.733333333,4.4,3.9,1.1,0,58,100.66,6,7,6,7,7,5,4,4,4,3,4,3,3,5,4,1,1,1,1,1,2,1,1,1,1
10455,Control,1,0,0,0,1,0,3.108333333,3.8,2.866666667,3.35,1.7,1,0,29,16.779,4,5,5,4,1,2,1,1,1,1,1,1,4,4,1,1,1,1,1,1,1,1,1,1,1
10456,Animals,0,0,1,0,1,0,2.983333333,3.2,2.466666667,3.5,2,1,0,31,18.335,3,3,3,3,4,1,1,1,1,1,4,1,4,4,2,1,1,1,1,1,1,1,1,1,1
10457,Control,1,0,0,0,1,0,4.05,5.8,4.2,3.9,3.7,1.9,0,34,12.588,4,6,7,6,6,4,4,4,3,3,4,4,4,3,4,1,2,1,1,3,2,2,4,2,1
10458,Luxury,0,1,0,0,1,0,4.141666667,6,4.333333333,3.95,3,1.1,0,39,33.482,6,6,6,6,6,3,2,3,3,3,3,3,3,4,3,1,1,1,1,1,1,1,1,2,1
10459,Luxury,0,1,0,0,1,0,3.183333333,3.8,2.866666667,3.5,2,1,0,27,35.6,4,4,4,6,1,1,1,1,2,1,4,1,1,4,4,1,1,1,1,1,1,1,1,1,1
10460,Memes,0,0,0,1,1,0,3.633333333,3.2,2.466666667,4.8,4.6,1,0,30,25.473,3,4,4,4,1,5,5,4,5,4,5,4,5,5,4,1,1,1,1,1,1,1,1,1,1
10461,Animals,0,0,1,0,1,0,3.866666667,6,4.333333333,3.4,1.8,1,0,25,3.807,6,6,6,6,6,1,3,3,1,1,3,1,1,3,1,1,1,1,1,1,1,1,1,1,1
10462,Animals,0,0,1,0,1,0,2.566666667,1.8,1.533333333,3.6,2.3,1.1,0,32,21.201,2,2,2,2,1,3,2,2,2,2,3,2,2,3,2,1,1,1,1,1,1,1,1,1,2
10463,Memes,0,0,0,1,1,0,4.1,5.8,4.2,4,3,1,0,39,75.592,6,7,6,6,4,3,2,2,3,3,4,2,4,4,3,1,1,1,1,1,1,1,1,1,1
10464,Memes,0,0,0,1,1,0,3.975,5.2,3.8,4.15,3.4,1.1,0,33,62.774,5,5,6,5,5,3,3,4,3,4,4,3,3,4,3,1,1,1,1,1,1,1,1,2,1
10465,Control,1,0,0,0,1,0,3.858333333,5,3.666666667,4.05,3.1,1,1,21,16.331,5,5,5,5,5,4,3,3,3,2,3,3,4,3,3,1,1,1,1,1,1,1,1,1,1
10466,Animals,0,0,1,0,1,0,3.841666667,4.2,3.133333333,4.55,4.1,1,1,26,9.946,4,4,5,6,2,4,4,5,3,4,4,5,4,4,4,1,1,1,1,1,1,1,1,1,1
10467,Memes,0,0,0,1,1,0,2.816666667,2.4,1.933333333,3.7,3.1,1.7,0,26,63.302,1,2,5,3,1,3,2,3,3,3,4,2,4,4,3,1,2,2,1,1,3,2,2,2,1
10468,Luxury,0,1,0,0,1,0,3.258333333,3.8,2.866666667,3.65,2.3,1,1,22,74.897,4,4,4,4,3,2,2,2,2,1,3,3,1,4,3,1,1,1,1,1,1,1,1,1,1
10469,Animals,0,0,1,0,1,0,4.666666667,6,4.333333333,5,5,1,1,67,26.704,4,7,7,7,5,5,5,5,5,5,5,5,5,5,5,1,1,1,1,1,1,1,1,1,1
10470,Control,1,0,0,0,1,0,3.8,5.8,4.2,3.4,2.6,1.8,0,25,5.037,5,6,5,7,6,1,4,4,2,2,3,2,4,2,2,2,1,1,1,1,1,3,4,2,2
10471,Animals,0,0,1,0,1,0,3.066666667,3,2.333333333,3.8,3.3,1.7,0,29,20.81,3,3,4,3,2,4,3,4,3,3,3,2,4,4,3,1,1,2,1,2,2,2,2,3,1
10472,Control,1,0,0,0,1,0,4.9,7,5,4.8,4.6,1,0,25,25.954,7,7,7,7,7,5,5,5,5,1,5,5,5,5,5,1,1,1,1,1,1,1,1,1,1
10473,Memes,0,0,0,1,1,0,3.4,5.2,3.8,3,2.3,2.3,0,37,21.318,6,4,6,5,5,2,4,2,2,2,2,2,3,2,2,2,2,3,2,3,3,2,2,2,2
10474,Memes,0,0,0,1,1,0,2.933333333,3.8,2.866666667,3,1,1,1,22,29.321,4,4,4,3,4,1,1,1,1,1,1,1,1,1,1,1,1,1,1,1,1,1,1,1,1
10475,Luxury,0,1,0,0,1,0,3.083333333,3.2,2.466666667,3.7,2.9,1.5,0,40,44.394,4,2,4,3,3,3,3,2,3,2,3,4,4,3,2,1,1,1,2,1,2,2,2,2,1
10476,Memes,0,0,0,1,1,0,4.475,6.4,4.6,4.35,4,1.3,1,25,150.901,5,6,7,7,7,5,5,1,5,3,5,3,4,5,4,2,1,1,1,1,1,1,2,2,1
10477,Animals,0,0,1,0,1,0,4.416666667,5.4,3.933333333,4.9,4.8,1,0,51,64.368,6,6,6,7,2,5,5,4,5,5,5,5,4,5,5,1,1,1,1,1,1,1,1,1,1
10478,Control,1,0,0,0,1,0,2.833333333,3.8,2.866666667,2.8,1.4,1.8,0,47,5.9,4,1,1,6,7,1,1,1,1,1,5,1,1,1,1,1,1,1,1,5,5,1,1,1,1
10479,Animals,0,0,1,0,1,0,2.625,1.6,1.4,3.85,2.7,1,0,45,35.396,2,1,2,2,1,4,2,1,2,2,4,2,3,4,3,1,1,1,1,1,1,1,1,1,1
10480,Luxury,0,1,0,0,1,0,3.641666667,4.8,3.533333333,3.75,2.5,1,1,28,4.034,3,4,6,5,6,3,2,1,1,2,4,1,4,4,3,1,1,1,1,1,1,1,1,1,1
10481,Control,1,0,0,0,1,0,3.25,3.4,2.6,3.9,3.4,1.6,0,42,20.512,4,4,3,4,2,3,3,3,3,2,4,3,5,4,4,2,2,1,1,2,2,1,2,2,1
10482,Control,1,0,0,0,1,0,3.95,5.2,3.8,4.1,3.2,1,0,43,15.876,6,6,6,6,2,5,1,3,4,1,5,1,5,5,2,1,1,1,1,1,1,1,1,1,1
10483,Memes,0,0,0,1,1,0,3.575,4,3,4.15,3.3,1,0,22,7.318,4,5,5,4,2,5,2,1,4,3,4,3,2,5,4,1,1,1,1,1,1,1,1,1,1
10484,Luxury,0,1,0,0,1,0,4,4.6,3.4,4.6,4.2,1,0,37,23.104,4,5,6,5,3,4,4,5,4,4,3,4,5,4,5,1,1,1,1,1,1,1,1,1,1
10485,Memes,0,0,0,1,1,0,4.316666667,6,4.333333333,4.3,4,1.4,1,28,53.516,6,6,6,6,6,5,5,3,5,4,1,5,4,5,3,5,1,1,1,1,1,1,1,1,1
10486,Luxury,0,1,0,0,1,0,3.308333333,3.2,2.466666667,4.15,3.4,1.1,1,34,38.346,3,3,4,5,1,3,1,4,3,1,5,2,5,5,5,1,1,1,1,1,2,1,1,1,1
10487,Luxury,0,1,0,0,1,0,3.258333333,4.4,3.266666667,3.25,3.1,2.6,1,25,5.039,4,6,6,2,4,3,4,3,3,4,3,4,2,2,3,4,3,2,2,3,4,1,3,3,1
10488,Memes,0,0,0,1,1,0,2.783333333,3.8,2.866666667,2.7,2.7,3.3,1,23,2.346,5,2,2,5,5,4,1,2,4,1,4,2,5,2,2,2,5,3,2,5,3,3,2,3,5
10489,Memes,0,0,0,1,1,0,2.966666667,3,2.333333333,3.6,2.4,1.2,0,33,174.69,2,2,3,3,5,4,1,2,1,1,2,1,4,4,4,1,1,1,1,1,2,1,1,2,1
10490,Control,1,0,0,0,1,0,2.608333333,2.6,2.066666667,3.15,1.7,1.4,1,61,13.138,3,2,3,2,3,3,1,1,1,1,3,1,1,3,2,1,1,1,1,1,3,1,2,2,1
10491,Luxury,0,1,0,0,1,0,2.758333333,2,1.666666667,3.85,3.6,1.9,0,33,25.169,2,2,2,2,2,4,3,3,3,3,4,4,4,4,4,2,3,3,1,1,2,4,1,1,1
10492,Control,1,0,0,0,1,0,3.666666667,4.2,3.133333333,4.2,3.4,1,1,32,9.301,3,4,5,5,4,4,3,2,4,3,4,3,4,3,4,1,1,1,1,1,1,1,1,1,1
10493,Memes,0,0,0,1,1,0,2.858333333,2.6,2.066666667,3.65,2.5,1.2,0,33,54.316,2,4,2,2,3,4,1,1,2,1,4,2,2,5,3,1,1,2,1,1,1,2,1,1,1
10494,Animals,0,0,1,0,1,0,3.516666667,4.8,3.533333333,3.5,2,1,0,39,5.522,5,5,5,5,4,3,1,1,1,1,3,2,2,3,3,1,1,1,1,1,1,1,1,1,1
10495,Animals,0,0,1,0,1,0,3.65,4.6,3.4,3.9,3.2,1.4,1,54,982.574,5,5,5,6,2,4,3,3,2,3,3,3,5,4,2,2,2,1,1,2,2,1,1,1,1
10496,Control,1,0,0,0,1,0,3.666666667,6,4.333333333,3,4,4,0,30,30.565,6,7,6,5,6,5,4,3,4,4,5,4,3,5,3,3,3,5,4,4,5,4,4,5,3
10497,Animals,0,0,1,0,1,0,2.866666667,1.2,1.133333333,4.6,4.3,1.1,0,55,64.218,1,1,1,2,1,4,5,4,4,4,4,5,4,5,4,1,1,1,1,1,1,1,1,2,1
10498,Control,1,0,0,0,1,0,4.625,7,5,4.25,3.5,1,1,29,26.634,7,7,7,7,7,4,3,3,4,4,3,2,4,5,3,1,1,1,1,1,1,1,1,1,1
10499,Memes,0,0,0,1,1,0,2.841666667,3,2.333333333,3.35,2.5,1.8,0,25,1.244,1,4,7,1,2,4,5,1,5,1,1,2,4,1,1,1,2,4,1,3,1,1,1,1,3
10500,Animals,0,0,1,0,1,0,4.791666667,6.6,4.733333333,4.85,5,1.3,1,37,45.233,7,7,6,7,6,5,5,5,5,5,5,5,5,5,5,3,1,1,1,1,1,1,1,2,1
10501,Memes,0,0,0,1,1,0,4.75,7,5,4.5,4,1,0,30,152.757,7,7,7,7,7,5,4,4,4,4,5,3,5,5,1,1,1,1,1,1,1,1,1,1,1
10502,Luxury,0,1,0,0,1,0,2.3,1,1,3.6,2.2,1,0,22,27.711,1,1,1,1,1,1,1,3,1,1,5,1,3,5,1,1,1,1,1,1,1,1,1,1,1
10503,Luxury,0,1,0,0,1,0,2.783333333,2,1.666666667,3.9,2.8,1,0,59,57.191,2,2,2,2,2,3,2,3,2,1,4,1,5,4,3,1,1,1,1,1,1,1,1,1,1
10504,Control,1,0,0,0,1,0,3.35,2.8,2.2,4.5,4.4,1.4,1,48,35.641,4,1,4,4,1,5,3,5,5,5,5,5,5,5,1,1,1,1,1,1,1,1,5,1,1
10505,Luxury,0,1,0,0,1,0,2.125,1,1,3.25,2.7,2.2,1,62,94.246,1,1,1,1,1,3,1,2,3,1,4,1,5,4,3,3,4,1,1,1,2,1,4,1,4
10506,Animals,0,0,1,0,1,0,2.683333333,3.8,2.866666667,2.5,2.3,3.3,0,35,6.838,3,2,3,6,5,2,2,3,2,2,3,1,1,4,3,3,5,1,5,4,1,1,5,5,3
10507,Control,1,0,0,0,1,0,4.141666667,6,4.333333333,3.95,2.9,1,0,24,3.991,6,6,6,6,6,3,2,3,3,1,4,3,4,4,2,1,1,1,1,1,1,1,1,1,1
10508,Control,1,0,0,0,1,0,4.55,5.8,4.2,4.9,4.8,1,0,30,54.622,6,6,7,6,4,5,5,5,5,4,4,5,5,5,5,1,1,1,1,1,1,1,1,1,1
10509,Memes,0,0,0,1,1,0,3.425,3.4,2.6,4.25,3.6,1.1,0,32,174.324,3,5,5,3,1,4,4,3,4,2,4,4,3,4,4,1,1,1,1,1,1,1,1,2,1
10510,Luxury,0,1,0,0,1,0,4.3,7,5,3.6,2.2,1,1,29,39.067,7,7,7,7,7,2,2,2,2,3,2,2,2,3,2,1,1,1,1,1,1,1,1,1,1
10511,Memes,0,0,0,1,1,0,2.633333333,2,1.666666667,3.6,2.2,1,1,56,90.002,1,1,3,4,1,3,1,2,1,1,4,1,1,4,4,1,1,1,1,1,1,1,1,1,1
10512,Control,1,0,0,0,1,0,3.483333333,4.4,3.266666667,3.7,2.4,1,0,22,12.735,4,5,5,6,2,3,3,1,3,1,3,2,2,3,3,1,1,1,1,1,1,1,1,1,1
10513,Luxury,0,1,0,0,1,0,3.1,3.4,2.6,3.6,2.7,1.5,1,34,51.146,2,4,4,4,3,3,3,2,3,3,3,2,3,3,2,1,1,3,1,1,1,1,3,2,1
10514,Animals,0,0,1,0,1,0,3.65,5.2,3.8,3.5,2,1,1,43,18.549,5,5,6,5,5,3,2,2,1,1,3,1,1,3,3,1,1,1,1,1,1,1,1,1,1
10515,Animals,0,0,1,0,1,0,3.816666667,4.8,3.533333333,4.1,3.3,1.1,1,25,8.051,4,5,5,5,5,3,2,3,4,3,4,3,3,5,3,1,1,2,1,1,1,1,1,1,1
10516,Luxury,0,1,0,0,1,0,4.608333333,6.8,4.866666667,4.35,3.8,1.1,1,39,28.666,7,6,7,7,7,4,3,4,3,3,4,4,5,4,4,1,1,1,1,1,1,1,1,2,1
10517,Memes,0,0,0,1,1,0,4.75,7,5,4.5,4,1,0,38,46.246,7,7,7,7,7,5,3,5,5,3,5,3,1,5,5,1,1,1,1,1,1,1,1,1,1
10518,Memes,0,0,0,1,1,0,2.908333333,2.6,2.066666667,3.75,2.5,1,0,68,182.593,2,5,2,2,2,3,1,4,1,1,4,1,4,4,2,1,1,1,1,1,1,1,1,1,1
10519,Animals,0,0,1,0,1,0,4.225,5.2,3.8,4.65,4.3,1,0,31,14.767,6,5,6,5,4,5,4,3,5,3,4,4,5,5,5,1,1,1,1,1,1,1,1,1,1
10520,Memes,0,0,0,1,1,0,5,7,5,5,5,1,0,28,4.859,7,7,7,7,7,5,5,5,5,5,5,5,5,5,5,1,1,1,1,1,1,1,1,1,1
10521,Luxury,0,1,0,0,1,0,3.941666667,6,4.333333333,3.55,2.3,1.2,1,33,36.787,6,5,7,5,7,1,1,3,1,1,5,1,4,5,1,1,1,1,1,1,3,1,1,1,1
10522,Control,1,0,0,0,1,0,3.55,5.8,4.2,2.9,4,4.2,1,47,5.171,7,5,6,5,6,4,3,4,4,5,4,3,5,4,4,5,4,4,4,5,5,3,5,3,4
10523,Memes,0,0,0,1,1,0,3.05,2.8,2.2,3.9,2.8,1,0,50,72.369,2,3,3,3,3,3,2,3,2,2,4,2,3,4,3,1,1,1,1,1,1,1,1,1,1
10524,Control,1,0,0,0,1,0,4.525,6.4,4.6,4.45,3.9,1,0,37,24.874,7,6,6,6,7,4,4,4,4,4,4,3,4,4,4,1,1,1,1,1,1,1,1,1,1
10525,Luxury,0,1,0,0,1,0,3.15,4.6,3.4,2.9,2.9,3.1,1,30,49.847,4,5,4,5,5,2,2,4,3,4,4,2,2,3,3,3,3,3,4,3,3,4,3,2,3
10526,Control,1,0,0,0,1,0,4.008333333,5,3.666666667,4.35,3.7,1,1,57,9.664,5,5,5,5,5,4,4,4,4,1,4,4,4,4,4,1,1,1,1,1,1,1,1,1,1
10527,Control,1,0,0,0,1,0,4.316666667,6,4.333333333,4.3,3.6,1,1,29,5.921,7,7,7,6,3,4,3,3,4,3,4,3,4,5,3,1,1,1,1,1,1,1,1,1,1
10528,Memes,0,0,0,1,1,0,3.458333333,5,3.666666667,3.25,1.6,1.1,1,34,42.653,5,5,5,5,5,2,1,1,1,1,3,1,2,3,1,1,1,1,1,1,2,1,1,1,1
10529,Animals,0,0,1,0,1,0,4,5.2,3.8,4.2,3.4,1,0,39,214.038,6,6,7,6,1,4,3,3,4,3,1,4,4,5,3,1,1,1,1,1,1,1,1,1,1
10530,Luxury,0,1,0,0,1,0,3.8,4.6,3.4,4.2,3.4,1,1,32,8.177,5,5,5,5,3,4,3,4,1,1,4,5,4,4,4,1,1,1,1,1,1,1,1,1,1
10531,Control,1,0,0,0,1,0,2.558333333,2,1.666666667,3.45,2,1.1,0,27,435.177,2,2,2,2,2,3,1,1,1,1,3,3,3,1,3,1,1,1,1,1,2,1,1,1,1
10532,Control,1,0,0,0,1,0,3.375,5.2,3.8,2.95,3.5,3.6,0,29,13.446,3,6,7,4,6,2,3,3,2,3,5,4,5,3,5,4,4,4,4,4,3,4,2,2,5
10533,Control,1,0,0,0,1,0,2.425,2.2,1.8,3.05,2.4,2.3,1,23,5.214,2,3,2,3,1,2,2,3,2,2,2,2,2,3,4,2,3,3,2,2,3,2,2,2,2
10534,Animals,0,0,1,0,1,0,3.091666667,2.4,1.933333333,4.25,3.5,1,0,37,45.075,1,1,5,4,1,4,1,3,4,1,4,3,5,5,5,1,1,1,1,1,1,1,1,1,1
10535,Animals,0,0,1,0,1,0,3.25,4,3,3.5,2.2,1.2,0,25,37.012,4,5,4,4,3,4,2,2,1,1,3,2,1,4,2,1,1,1,1,1,1,1,2,2,1
10536,Control,1,0,0,0,1,0,2.875,2.2,1.8,3.95,2.9,1,0,35,53.353,2,4,3,1,1,4,1,2,2,2,4,1,5,5,3,1,1,1,1,1,1,1,1,1,1
10537,Animals,0,0,1,0,1,0,3.808333333,6.2,4.466666667,3.15,4.7,4.4,0,28,45.26,6,7,7,7,4,5,5,5,5,5,4,4,5,4,5,5,5,5,3,5,4,5,4,3,5
10538,Memes,0,0,0,1,1,0,4.016666667,5.4,3.933333333,4.1,3.5,1.3,1,28,435.04,4,6,6,6,5,4,4,1,4,4,3,4,4,3,4,1,1,1,1,1,1,4,1,1,1
10539,Memes,0,0,0,1,1,0,3.15,2.8,2.2,4.1,3.2,1,1,36,280.857,3,3,3,3,2,4,3,3,3,3,4,3,4,3,2,1,1,1,1,1,1,1,1,1,1
10540,Luxury,0,1,0,0,1,0,3.516666667,4.2,3.133333333,3.9,3.1,1.3,0,52,13.222,5,5,5,5,1,3,2,4,3,3,3,3,4,4,2,1,1,1,1,1,2,1,2,2,1
10541,Memes,0,0,0,1,1,0,3.141666667,3,2.333333333,3.95,2.9,1,1,51,136.809,2,2,4,4,3,2,2,3,2,3,4,3,3,4,3,1,1,1,1,1,1,1,1,1,1
10542,Luxury,0,1,0,0,1,0,3.533333333,4.4,3.266666667,3.8,2.9,1.3,0,29,17.685,5,5,4,5,3,4,3,1,1,1,5,2,4,5,3,2,2,1,1,1,1,2,1,1,1
10543,Animals,0,0,1,0,1,0,4.416666667,6,4.333333333,4.5,4,1,0,39,7.175,6,6,6,6,6,4,4,4,4,4,4,4,4,4,4,1,1,1,1,1,1,1,1,1,1
10544,Animals,0,0,1,0,1,0,2.658333333,2,1.666666667,3.65,2.3,1,1,28,21.431,2,2,2,2,2,3,1,2,2,1,4,2,2,4,2,1,1,1,1,1,1,1,1,1,1
10545,Luxury,0,1,0,0,1,0,4.291666667,6.6,4.733333333,3.85,2.7,1,0,52,40.514,7,7,7,7,5,1,2,5,2,3,3,2,3,3,3,1,1,1,1,1,1,1,1,1,1
10546,Control,1,0,0,0,1,0,2.983333333,3.8,2.866666667,3.1,2.9,2.7,0,27,7.269,4,4,5,3,3,2,3,3,3,3,3,3,2,4,3,2,4,3,2,2,2,2,3,3,4
10547,Luxury,0,1,0,0,1,0,3.308333333,3.8,2.866666667,3.75,2.8,1.3,0,33,36.113,3,5,3,4,4,3,2,3,3,2,3,3,4,3,2,1,2,1,1,1,2,1,1,2,1
10548,Animals,0,0,1,0,1,0,3.083333333,2,1.666666667,4.5,4,1,1,52,15.074,2,2,3,2,1,5,2,4,3,3,4,4,5,5,5,1,1,1,1,1,1,1,1,1,1
10549,Control,1,0,0,0,1,0,4.6,7,5,4.2,3.4,1,1,43,8.783,7,7,7,7,7,4,1,3,3,3,4,4,4,4,4,1,1,1,1,1,1,1,1,1,1
10550,Memes,0,0,0,1,1,0,2.25,1,1,3.5,2,1,0,51,226.754,1,1,1,1,1,3,1,1,1,1,4,1,1,3,4,1,1,1,1,1,1,1,1,1,1
10551,Memes,0,0,0,1,1,0,3.716666667,5.4,3.933333333,3.5,3.1,2.1,0,31,86.523,7,5,5,6,4,2,1,2,4,3,3,4,3,5,4,1,4,4,2,2,1,1,3,1,2
10552,Memes,0,0,0,1,1,0,3.708333333,4.4,3.266666667,4.15,3.3,1,0,37,98.732,4,3,5,5,5,4,3,3,3,2,4,3,3,4,4,1,1,1,1,1,1,1,1,1,1
10553,Animals,0,0,1,0,1,0,3.675,5.8,4.2,3.15,2,1.7,1,35,1036.169,7,7,7,7,1,2,1,2,1,2,3,1,2,3,3,2,2,3,1,1,3,1,2,1,1
10554,Luxury,0,1,0,0,1,0,3.458333333,4.4,3.266666667,3.65,3,1.7,0,42,36.8,5,5,5,4,3,3,2,2,2,2,5,2,4,5,3,1,1,1,1,2,3,1,3,3,1
10555,Luxury,0,1,0,0,1,0,2.525,1,1,4.05,3.1,1,0,38,38.885,1,1,1,1,1,4,1,4,3,1,5,3,3,5,2,1,1,1,1,1,1,1,1,1,1
10556,Animals,0,0,1,0,1,0,2.266666667,1.8,1.533333333,3,1,1,0,24,32.443,2,2,2,2,1,1,1,1,1,1,1,1,1,1,1,1,1,1,1,1,1,1,1,1,1
10557,Luxury,0,1,0,0,1,0,2.991666667,3.6,2.733333333,3.25,1.5,1,1,38,28.551,4,4,3,4,3,2,1,1,1,1,3,1,1,3,1,1,1,1,1,1,1,1,1,1,1
10558,Memes,0,0,0,1,1,0,4.158333333,6.8,4.866666667,3.45,1.9,1,0,34,66.293,7,7,7,7,6,2,1,1,3,3,2,1,2,2,2,1,1,1,1,1,1,1,1,1,1
10559,Animals,0,0,1,0,1,0,3.341666667,4.2,3.133333333,3.55,2.1,1,0,45,19.467,4,4,5,5,3,3,2,2,2,2,3,2,1,2,2,1,1,1,1,1,1,1,1,1,1
10560,Luxury,0,1,0,0,1,0,4.216666667,6.6,4.733333333,3.7,2.4,1,0,36,27.759,6,7,7,6,7,3,2,4,2,1,3,1,2,5,1,1,1,1,1,1,1,1,1,1,1
10561,Control,1,0,0,0,1,0,3.45,5.2,3.8,3.1,3.5,3.3,0,34,5.444,6,6,4,5,5,3,3,4,4,3,4,4,4,3,3,3,3,3,4,3,4,4,3,3,3
10562,Control,1,0,0,0,1,0,4.166666667,5.4,3.933333333,4.4,4.4,1.6,1,57,37.676,6,5,6,5,5,5,4,4,4,5,5,4,4,4,5,1,1,1,1,4,1,1,1,3,2
10563,Memes,0,0,0,1,1,0,4.8,7,5,4.6,4.2,1,0,35,19.126,7,7,7,7,7,5,5,1,5,1,5,5,5,5,5,1,1,1,1,1,1,1,1,1,1
10564,Control,1,0,0,0,1,0,3.525,5.8,4.2,2.85,4,4.3,0,32,62.594,6,6,5,7,5,4,5,4,4,4,3,5,4,4,3,5,3,5,4,3,5,4,4,5,5
10565,Luxury,0,1,0,0,1,0,2.991666667,3,2.333333333,3.65,2.5,1.2,1,31,14.706,3,3,4,3,2,2,1,3,1,1,5,1,1,5,5,1,1,1,1,1,3,1,1,1,1
10566,Animals,0,0,1,0,1,0,4.108333333,6.8,4.866666667,3.35,2.6,1.9,0,36,17.366,6,7,7,7,7,3,3,3,1,3,2,3,2,4,2,2,1,3,1,2,2,3,1,2,2
10567,Memes,0,0,0,1,1,0,2.916666667,2.4,1.933333333,3.9,3.8,2,0,38,1359.796,2,3,3,2,2,3,2,4,4,5,5,4,4,3,4,2,2,1,2,1,2,4,3,1,2
10568,Control,1,0,0,0,1,0,3.925,5.8,4.2,3.65,2.3,1,0,36,11.125,7,7,7,7,1,4,1,1,1,1,4,1,4,4,2,1,1,1,1,1,1,1,1,1,1
10569,Memes,0,0,0,1,1,0,4.041666667,6,4.333333333,3.75,2.5,1,1,48,45.874,6,6,6,6,6,4,1,1,1,3,4,2,3,4,2,1,1,1,1,1,1,1,1,1,1
10570,Control,1,0,0,0,1,0,4.925,7,5,4.85,4.7,1,1,37,6.933,7,7,7,7,7,4,5,5,5,5,4,5,5,4,5,1,1,1,1,1,1,1,1,1,1
10571,Animals,0,0,1,0,1,0,3.291666667,3.6,2.733333333,3.85,2.8,1.1,1,23,17.377,3,5,3,6,1,4,1,3,1,1,5,1,5,5,2,1,1,1,1,1,1,2,1,1,1
10572,Memes,0,0,0,1,1,0,2.775,4,3,2.55,2.6,3.5,0,29,5.66,3,5,3,5,4,3,2,2,3,3,2,2,3,2,4,4,3,4,3,3,4,3,3,4,4
10573,Luxury,0,1,0,0,1,0,3.566666667,5.4,3.933333333,3.2,3.6,3.2,0,34,3.135,5,6,5,5,6,3,4,3,3,4,4,4,4,3,4,3,3,3,3,3,4,3,4,3,3
10574,Memes,0,0,0,1,1,0,3.866666667,4.8,3.533333333,4.2,3.5,1.1,1,28,530.714,5,6,6,6,1,4,4,3,4,1,4,3,4,4,4,1,1,1,1,1,1,1,1,2,1
10575,Luxury,0,1,0,0,1,0,3.533333333,5,3.666666667,3.4,1.8,1,0,30,25.463,5,4,5,5,6,2,1,2,3,1,2,1,1,4,1,1,1,1,1,1,1,1,1,1,1
10576,Control,1,0,0,0,1,0,4.116666667,6,4.333333333,3.9,3.6,1.8,1,34,21.757,6,7,6,6,5,4,2,4,3,3,4,2,5,5,4,3,3,1,1,2,3,1,1,2,1
10577,Luxury,0,1,0,0,1,0,3.058333333,2.6,2.066666667,4.05,3.1,1,0,31,161.748,3,3,3,3,1,3,2,3,3,3,4,1,4,4,4,1,1,1,1,1,1,1,1,1,1
10578,Luxury,0,1,0,0,1,0,2.041666667,1.2,1.133333333,2.95,1.7,1.8,0,29,50.59,1,1,1,1,2,2,1,1,1,1,3,1,2,3,2,3,1,2,1,1,2,1,3,3,1
10579,Memes,0,0,0,1,1,0,4.633333333,6.2,4.466666667,4.8,4.6,1,1,56,69.46,6,7,6,6,6,5,4,4,5,5,5,4,5,5,4,1,1,1,1,1,1,1,1,1,1
10580,Control,1,0,0,0,1,0,2.891666667,2.4,1.933333333,3.85,2.7,1,0,54,19.071,2,3,3,2,2,4,1,1,2,1,5,1,3,5,4,1,1,1,1,1,1,1,1,1,1
10581,Animals,0,0,1,0,1,0,2.7,2.2,1.8,3.6,2.2,1,0,39,26.649,2,2,3,1,3,3,1,2,2,1,4,2,1,4,2,1,1,1,1,1,1,1,1,1,1
10582,Memes,0,0,0,1,1,0,2.7,2.2,1.8,3.6,2.3,1.1,1,33,79.552,1,3,3,2,2,4,2,1,3,1,3,2,1,4,2,1,1,1,1,1,1,1,1,2,1
10583,Animals,0,0,1,0,1,0,2.658333333,2,1.666666667,3.65,2.3,1,1,25,19.919,2,2,2,2,2,3,2,2,2,1,4,2,2,4,1,1,1,1,1,1,1,1,1,1,1
10584,Memes,0,0,0,1,1,0,3.5,4,3,4,3.1,1.1,1,44,82.768,4,4,4,4,4,4,3,3,3,3,4,1,2,4,4,1,1,1,1,1,2,1,1,1,1
10585,Luxury,0,1,0,0,1,0,2.95,3.4,2.6,3.3,1.6,1,1,30,19.07,3,4,4,4,2,3,1,1,1,1,1,3,2,2,1,1,1,1,1,1,1,1,1,1,1
10586,Memes,0,0,0,1,1,0,3.583333333,4.4,3.266666667,3.9,2.9,1.1,0,32,74.409,5,5,5,4,3,4,2,2,2,2,4,2,3,4,4,1,1,1,1,1,1,1,2,1,1
10587,Control,1,0,0,0,1,0,3.783333333,6.2,4.466666667,3.1,4.3,4.1,0,32,30.953,7,5,7,6,6,5,3,4,5,4,5,4,4,4,5,5,4,5,3,5,3,4,4,3,5
10588,Control,1,0,0,0,1,0,4.291666667,6,4.333333333,4.25,3.5,1,0,24,21.71,6,6,7,6,5,4,3,2,4,2,5,2,5,5,3,1,1,1,1,1,1,1,1,1,1
10589,Memes,0,0,0,1,1,0,4.2,5.8,4.2,4.2,3.5,1.1,0,30,165.529,6,5,6,6,6,3,2,4,4,4,3,3,4,4,4,1,1,1,1,2,1,1,1,1,1
10590,Animals,0,0,1,0,1,0,2.541666667,2.4,1.933333333,3.15,3,2.7,1,70,14.406,2,2,3,4,1,3,3,3,2,3,4,3,3,4,2,2,2,3,3,2,3,3,3,3,3
10591,Luxury,0,1,0,0,1,0,3.275,3.4,2.6,3.95,3,1.1,1,30,89.865,3,4,3,4,3,3,2,1,2,1,4,4,5,5,3,1,1,1,1,1,1,1,1,2,1
10592,Luxury,0,1,0,0,1,0,2.816666667,1.8,1.533333333,4.1,3.7,1.5,0,35,13.979,2,2,2,2,1,3,3,3,4,3,4,3,5,5,4,2,2,1,1,2,2,1,1,2,1
10593,Control,1,0,0,0,1,0,3.791666667,4.8,3.533333333,4.05,3.3,1.2,0,27,3.445,6,6,5,5,2,4,4,1,4,1,2,3,4,5,5,1,1,1,1,1,2,1,1,2,1
10594,Memes,0,0,0,1,1,0,2.4,2.2,1.8,3,1,1,0,25,53.746,2,4,2,2,1,1,1,1,1,1,1,1,1,1,1,1,1,1,1,1,1,1,1,1,1
10595,Animals,0,0,1,0,1,0,5,7,5,5,5,1,1,44,9.927,7,7,7,7,7,5,5,5,5,5,5,5,5,5,5,1,1,1,1,1,1,1,1,1,1
10596,Animals,0,0,1,0,1,0,2.658333333,2.6,2.066666667,3.25,1.5,1,0,22,15.018,2,3,4,3,1,1,1,1,3,1,1,1,1,3,2,1,1,1,1,1,1,1,1,1,1
10597,Memes,0,0,0,1,1,0,3.033333333,4.4,3.266666667,2.8,3.2,3.6,0,26,23.72,3,5,5,5,4,3,4,4,2,3,4,3,4,2,3,4,3,3,5,3,3,4,4,4,3
10598,Memes,0,0,0,1,1,0,3.283333333,4.4,3.266666667,3.3,1.6,1,1,30,40.434,4,4,5,6,3,2,1,1,1,1,2,1,2,3,2,1,1,1,1,1,1,1,1,1,1
10599,Control,1,0,0,0,1,0,2.316666667,1.8,1.533333333,3.1,1.5,1.3,0,32,10.089,2,2,2,2,1,2,1,1,1,1,3,1,1,3,1,2,1,1,1,1,2,1,1,2,1
10600,Luxury,0,1,0,0,1,0,4.166666667,6,4.333333333,4,3,1,0,33,12.645,6,6,6,6,6,3,3,3,3,3,3,3,3,3,3,1,1,1,1,1,1,1,1,1,1
10601,Animals,0,0,1,0,1,0,3.416666667,4.2,3.133333333,3.7,2.5,1.1,0,30,10.977,4,5,5,5,2,4,3,1,3,1,1,4,2,3,3,1,1,1,1,1,1,1,1,2,1
10602,Luxury,0,1,0,0,1,0,3.325,5.2,3.8,2.85,2.1,2.4,0,34,8.609,5,6,7,6,2,1,1,1,1,1,4,1,1,5,5,1,5,1,1,5,4,4,1,1,1
10603,Memes,0,0,0,1,1,0,2.558333333,2,1.666666667,3.45,1.9,1,0,37,118.934,2,2,2,3,1,2,1,1,2,1,3,2,1,3,3,1,1,1,1,1,1,1,1,1,1
10604,Control,1,0,0,0,1,0,4.533333333,6.2,4.466666667,4.6,4.6,1.4,0,34,361.302,5,6,7,6,7,5,5,4,5,5,4,4,5,4,5,4,1,1,1,1,1,1,1,1,2
10605,Control,1,0,0,0,1,0,3.033333333,3.2,2.466666667,3.6,2.2,1,0,36,23.274,3,3,4,4,2,3,1,1,2,1,4,1,3,4,2,1,1,1,1,1,1,1,1,1,1
10606,Memes,0,0,0,1,1,0,3.058333333,4.4,3.266666667,2.85,2.7,3,1,43,45.621,6,6,5,4,1,1,1,5,2,5,2,4,4,1,2,4,1,2,2,5,3,4,2,2,5
10607,Animals,0,0,1,0,1,0,3.308333333,3.8,2.866666667,3.75,2.5,1,0,29,31.594,3,4,4,5,3,3,1,2,3,2,3,2,3,4,2,1,1,1,1,1,1,1,1,1,1
10608,Luxury,0,1,0,0,1,0,2.875,2.8,2.2,3.55,2.4,1.3,1,28,20.666,3,3,3,3,2,4,1,2,2,1,3,2,3,5,1,2,2,1,1,1,2,1,1,1,1
10609,Animals,0,0,1,0,1,0,4.266666667,6,4.333333333,4.2,3.5,1.1,0,23,20.282,6,7,6,5,6,5,5,3,3,2,2,4,3,4,4,1,1,1,1,1,1,1,1,2,1
10610,Memes,0,0,0,1,1,0,3.025,2.2,1.8,4.25,4.3,1.8,1,42,67.72,2,1,2,5,1,5,5,4,4,1,5,4,5,5,5,2,2,2,2,1,1,1,2,3,2
10611,Control,1,0,0,0,1,0,3.383333333,5.6,4.066666667,2.7,3.5,4.1,0,34,11.172,6,6,4,5,7,3,4,4,4,3,3,2,4,3,5,4,3,4,4,5,4,5,3,5,4
10612,Memes,0,0,0,1,1,0,2.741666667,3,2.333333333,3.15,2.7,2.4,0,27,0.563,3,3,3,2,4,3,5,2,3,2,3,2,3,2,2,2,2,3,2,2,2,3,3,2,3
10613,Luxury,0,1,0,0,1,0,2.741666667,3.6,2.733333333,2.75,2.2,2.7,0,22,54.958,3,3,3,7,2,1,3,1,5,1,2,2,3,3,1,3,5,2,4,1,1,4,2,1,4
10614,Control,1,0,0,0,1,0,2.316666667,1.8,1.533333333,3.1,1.8,1.6,0,24,15.308,2,4,1,1,1,1,1,1,1,1,3,1,4,4,1,1,1,1,1,2,3,1,3,1,2
10615,Animals,0,0,1,0,1,0,2.941666667,3,2.333333333,3.55,2.1,1,0,29,67.102,3,4,3,3,2,4,3,1,2,1,2,2,1,3,2,1,1,1,1,1,1,1,1,1,1
10616,Control,1,0,0,0,1,0,3.116666667,4.2,3.133333333,3.1,3.3,3.1,0,31,15.739,4,4,6,5,2,3,3,4,4,2,5,4,3,2,3,4,4,2,5,1,5,2,3,2,3
10617,Luxury,0,1,0,0,1,0,3.341666667,4.8,3.533333333,3.15,3.2,2.9,0,48,1519.806,5,4,6,5,4,3,5,4,3,4,4,3,2,2,2,2,4,4,2,3,2,3,3,3,3
10618,Animals,0,0,1,0,1,0,3.433333333,5,3.666666667,3.2,1.4,1,1,31,12.75,5,5,5,5,5,2,1,1,1,1,2,1,1,2,2,1,1,1,1,1,1,1,1,1,1
10619,Memes,0,0,0,1,1,0,2.933333333,3.8,2.866666667,3,3.4,3.4,0,25,85.556,5,4,5,3,2,3,2,1,2,5,5,3,4,5,4,3,5,2,5,2,3,3,4,5,2
10620,Control,1,0,0,0,1,0,4.758333333,6.8,4.866666667,4.65,4.3,1,0,35,61.765,7,6,7,7,7,4,4,5,4,3,4,5,5,4,5,1,1,1,1,1,1,1,1,1,1
10621,Memes,0,0,0,1,1,0,4.491666667,6,4.333333333,4.65,4.3,1,0,29,47.125,7,6,7,4,6,5,3,5,5,5,5,3,3,5,4,1,1,1,1,1,1,1,1,1,1
10622,Memes,0,0,0,1,1,0,2.908333333,3.2,2.466666667,3.35,1.8,1.1,0,26,28.045,2,2,5,4,3,2,1,1,1,1,3,1,1,4,3,1,1,1,1,1,1,1,1,2,1
10623,Animals,0,0,1,0,1,0,4.291666667,6,4.333333333,4.25,3.5,1,0,31,37.245,6,6,6,6,6,4,3,3,3,3,4,3,3,5,4,1,1,1,1,1,1,1,1,1,1
10624,Control,1,0,0,0,1,0,4.008333333,5,3.666666667,4.35,3.7,1,0,24,5.975,6,6,6,6,1,4,3,4,3,4,3,4,4,5,3,1,1,1,1,1,1,1,1,1,1
10625,Luxury,0,1,0,0,1,0,2.641666667,2.4,1.933333333,3.35,1.7,1,1,24,67.092,2,6,1,1,2,3,1,1,1,1,1,1,1,4,3,1,1,1,1,1,1,1,1,1,1
10626,Animals,0,0,1,0,1,0,3.6,5.8,4.2,3,4,4,1,35,13.413,5,7,6,6,5,4,4,5,3,4,3,4,4,4,5,4,5,3,3,5,4,5,4,3,4
10627,Luxury,0,1,0,0,1,0,4.6,6.4,4.6,4.6,4.3,1.1,0,40,11.442,7,6,7,7,5,5,5,5,4,5,5,4,3,4,3,1,1,1,1,1,2,1,1,1,1
10628,Luxury,0,1,0,0,1,0,2.483333333,3.2,2.466666667,2.5,2.6,3.6,0,24,5.358,2,6,3,4,1,2,1,4,5,2,2,1,3,3,3,5,5,4,3,5,1,4,1,5,3
10629,Memes,0,0,0,1,1,0,3.125,3.4,2.6,3.65,2.3,1,1,37,61.817,4,3,5,4,1,4,2,2,2,1,4,1,1,4,2,1,1,1,1,1,1,1,1,1,1
10630,Luxury,0,1,0,0,1,0,4.491666667,6,4.333333333,4.65,4.3,1,1,35,116.113,6,6,7,6,5,5,4,4,5,4,4,5,5,4,3,1,1,1,1,1,1,1,1,1,1
10631,Animals,0,0,1,0,1,0,4.5,6.4,4.6,4.4,4.3,1.5,1,36,13.455,5,7,7,7,6,5,4,3,3,5,5,5,4,5,4,1,2,1,1,2,4,1,1,1,1
10632,Control,1,0,0,0,1,0,3.508333333,3.8,2.866666667,4.15,3.3,1,0,38,28.185,4,4,4,4,3,4,3,3,3,1,4,3,4,4,4,1,1,1,1,1,1,1,1,1,1
10633,Memes,0,0,0,1,1,0,3.825,5.2,3.8,3.85,2.7,1,1,49,42.864,5,5,5,6,5,4,1,2,2,2,4,2,3,4,3,1,1,1,1,1,1,1,1,1,1
10634,Luxury,0,1,0,0,1,0,2.6,2.2,1.8,3.4,2.4,1.6,0,30,41.601,2,4,2,2,1,2,1,2,2,1,4,2,3,4,3,2,2,2,1,2,2,2,1,1,1
10635,Control,1,0,0,0,1,0,3.616666667,5.4,3.933333333,3.3,1.6,1,0,26,3.553,6,6,6,6,3,1,1,1,1,1,1,1,1,4,4,1,1,1,1,1,1,1,1,1,1
10636,Animals,0,0,1,0,1,0,2.991666667,4.2,3.133333333,2.85,3.1,3.4,1,32,7.015,5,1,7,7,1,5,3,4,4,1,5,1,2,5,1,3,4,2,2,5,3,3,2,5,5
10637,Luxury,0,1,0,0,1,0,3.816666667,6,4.333333333,3.3,2.3,1.7,0,30,2.958,6,6,6,6,6,1,2,3,1,2,4,1,3,4,2,1,3,1,1,2,5,1,1,1,1
10638,Memes,0,0,0,1,1,0,3.833333333,5,3.666666667,4,3,1,1,39,89.211,5,5,6,5,4,3,3,3,3,2,4,2,3,4,3,1,1,1,1,1,1,1,1,1,1
10639,Control,1,0,0,0,1,0,3.183333333,4.4,3.266666667,3.1,3.4,3.2,0,29,8.773,5,4,5,4,4,3,4,3,3,3,4,4,2,4,4,2,5,3,4,3,4,3,2,3,3
10640,Animals,0,0,1,0,1,0,3.833333333,5.6,4.066666667,3.6,2.2,1,0,29,7.39,6,6,6,5,5,4,3,1,1,1,3,1,1,4,3,1,1,1,1,1,1,1,1,1,1
10641,Animals,0,0,1,0,1,0,3.95,5.2,3.8,4.1,3.3,1.1,1,29,127.673,5,5,6,5,5,4,4,4,3,4,1,1,4,4,4,1,1,1,1,1,1,2,1,1,1
10642,Luxury,0,1,0,0,1,0,3.508333333,5,3.666666667,3.35,1.8,1.1,0,38,32.296,6,6,6,6,1,3,2,1,1,1,3,2,1,3,1,1,1,1,1,1,1,2,1,1,1
10643,Animals,0,0,1,0,1,0,4.241666667,6,4.333333333,4.15,3.3,1,1,26,11.59,7,6,6,6,5,4,4,2,3,4,4,3,3,3,3,1,1,1,1,1,1,1,1,1,1
10644,Memes,0,0,0,1,1,0,4.033333333,5.6,4.066666667,4,3,1,0,25,40.315,6,6,6,5,5,3,3,3,3,3,3,3,3,3,3,1,1,1,1,1,1,1,1,1,1
10645,Luxury,0,1,0,0,1,0,2.333333333,2,1.666666667,3,2,2,1,25,48.859,2,2,2,2,2,1,1,2,1,1,4,2,1,3,4,2,3,1,1,3,4,1,1,3,1
10646,Luxury,0,1,0,0,1,0,3.7,4,3,4.4,3.8,1,0,28,24.397,4,5,5,5,1,4,4,2,4,2,4,5,5,4,4,1,1,1,1,1,1,1,1,1,1
10647,Memes,0,0,0,1,1,0,4.95,7,5,4.9,4.8,1,0,35,129.582,7,7,7,7,7,5,4,5,4,5,5,5,5,5,5,1,1,1,1,1,1,1,1,1,1
10648,Memes,0,0,0,1,1,0,2.825,1.6,1.4,4.25,3.5,1,1,35,66.251,1,4,1,1,1,5,2,4,3,1,4,3,4,5,4,1,1,1,1,1,1,1,1,1,1
10649,Animals,0,0,1,0,1,0,4.075,4.6,3.4,4.75,4.5,1,1,35,15.421,5,5,5,5,3,5,5,4,5,4,4,4,4,5,5,1,1,1,1,1,1,1,1,1,1
10650,Memes,0,0,0,1,1,0,4.391666667,5.4,3.933333333,4.85,4.7,1,0,24,46.767,5,7,5,6,4,5,5,5,5,3,5,4,5,5,5,1,1,1,1,1,1,1,1,1,1
10651,Control,1,0,0,0,1,0,4.008333333,5,3.666666667,4.35,4.1,1.4,0,37,60.257,2,5,7,6,5,5,4,4,3,5,4,4,3,4,5,3,1,1,1,2,1,1,1,2,1
10652,Luxury,0,1,0,0,1,0,3.583333333,5.6,4.066666667,3.1,2.5,2.3,0,36,15.949,6,5,7,5,5,3,2,1,2,2,2,2,3,4,4,4,2,1,1,5,5,1,2,1,1
10653,Control,1,0,0,0,1,0,3.7,5.2,3.8,3.6,2.2,1,1,36,5.137,6,5,6,6,3,3,2,3,1,1,4,1,2,4,1,1,1,1,1,1,1,1,1,1,1
10654,Animals,0,0,1,0,1,0,4.416666667,6,4.333333333,4.5,4,1,1,30,77.141,6,6,6,6,6,4,5,4,4,4,3,4,4,4,4,1,1,1,1,1,1,1,1,1,1
10655,Memes,0,0,0,1,1,0,3.158333333,4.4,3.266666667,3.05,2.9,2.8,0,26,3.742,3,5,6,5,3,2,3,4,3,2,3,3,4,2,3,4,3,3,2,3,3,4,2,2,2
10656,Luxury,0,1,0,0,1,0,2.416666667,3,2.333333333,2.5,2.7,3.7,0,47,58.224,2,2,2,7,2,4,2,1,3,1,3,4,3,3,3,4,4,4,4,3,4,4,4,2,4
10657,Memes,0,0,0,1,1,0,3.466666667,4.8,3.533333333,3.4,1.8,1,1,19,36.038,5,5,5,5,4,4,2,1,1,1,2,2,1,3,1,1,1,1,1,1,1,1,1,1,1
10658,Luxury,0,1,0,0,1,0,2.483333333,2,1.666666667,3.3,2.6,2,0,25,9.796,3,2,1,2,2,4,2,3,3,1,3,3,3,1,3,1,1,2,3,1,2,1,4,1,4
10659,Control,1,0,0,0,1,0,4.033333333,5,3.666666667,4.4,3.8,1,0,28,130.586,5,6,6,5,3,5,4,4,3,3,4,4,3,4,4,1,1,1,1,1,1,1,1,1,1
10660,Animals,0,0,1,0,1,0,2.3,1,1,3.6,2.2,1,0,44,301.15,1,1,1,1,1,4,1,1,1,1,4,1,1,4,4,1,1,1,1,1,1,1,1,1,1
10661,Control,1,0,0,0,1,0,2.616666667,1.8,1.533333333,3.7,3.4,2,1,40,57.356,2,2,2,2,1,4,1,1,1,2,5,5,5,5,5,4,1,2,2,1,1,3,3,1,2
10662,Control,1,0,0,0,1,0,2.075,1,1,3.15,1.3,1,1,33,6.95,1,1,1,1,1,2,1,1,1,1,1,1,1,3,1,1,1,1,1,1,1,1,1,1,1
10663,Memes,0,0,0,1,1,0,2.666666667,2.4,1.933333333,3.4,1.9,1.1,1,42,65.689,2,4,2,3,1,2,1,1,1,1,5,1,1,5,1,1,1,1,1,1,2,1,1,1,1
10664,Animals,0,0,1,0,1,0,3.441666667,5.4,3.933333333,2.95,4.7,4.8,1,26,199.442,6,7,5,3,6,4,5,4,5,5,5,5,5,5,4,5,5,5,5,5,4,5,4,5,5
10665,Animals,0,0,1,0,1,0,2.841666667,3,2.333333333,3.35,1.7,1,0,38,28.461,2,3,3,5,2,2,1,1,1,1,3,2,2,3,1,1,1,1,1,1,1,1,1,1,1
10666,Animals,0,0,1,0,1,0,2.3,1.6,1.4,3.2,1.8,1.4,0,24,11.058,2,2,1,2,1,2,1,1,1,2,3,1,2,4,1,2,2,1,1,1,1,1,2,2,1
10667,Memes,0,0,0,1,1,0,5,7,5,5,5,1,1,27,17.78,7,7,7,7,7,5,5,5,5,5,5,5,5,5,5,1,1,1,1,1,1,1,1,1,1
10668,Luxury,0,1,0,0,1,0,3.166666667,3,2.333333333,4,3.7,1.7,1,31,97.617,2,2,5,5,1,4,3,4,4,3,4,3,4,4,4,2,2,1,2,2,2,1,2,1,2
10669,Luxury,0,1,0,0,1,0,3.666666667,4.2,3.133333333,4.2,3.4,1,1,41,55.033,5,5,5,5,1,4,3,3,3,2,5,2,3,5,4,1,1,1,1,1,1,1,1,1,1
10670,Control,1,0,0,0,1,0,3.391666667,3.6,2.733333333,4.05,3.1,1,1,29,25.467,4,4,4,4,2,5,2,1,4,1,5,3,1,5,4,1,1,1,1,1,1,1,1,1,1
10671,Memes,0,0,0,1,1,0,3.408333333,3.8,2.866666667,3.95,2.9,1,1,28,119.044,3,5,5,4,2,4,2,2,4,2,4,2,4,4,1,1,1,1,1,1,1,1,1,1,1
10672,Animals,0,0,1,0,1,0,2.725,2.2,1.8,3.65,2.3,1,0,40,11.23,2,4,2,2,1,4,3,1,2,1,4,1,1,4,2,1,1,1,1,1,1,1,1,1,1
10673,Control,1,0,0,0,1,0,3.983333333,5.6,4.066666667,3.9,2.8,1,0,35,60.614,6,6,6,6,4,3,2,3,1,4,2,3,4,3,3,1,1,1,1,1,1,1,1,1,1
10674,Animals,0,0,1,0,1,0,4.366666667,5.4,3.933333333,4.8,5,1.4,1,24,8.85,5,6,5,5,6,5,5,5,5,5,5,5,5,5,5,1,1,1,1,3,1,1,1,3,1
10675,Control,1,0,0,0,1,0,2.216666667,1.8,1.533333333,2.9,2.3,2.5,0,39,40.1,2,1,2,3,1,2,1,1,2,1,4,2,3,4,3,4,2,1,2,2,3,2,4,3,2
10676,Control,1,0,0,0,1,0,2.2,2.2,1.8,2.6,2.1,2.9,0,34,24.707,3,2,1,4,1,3,1,1,3,2,2,2,2,2,3,3,3,3,3,3,4,2,3,2,3
10677,Animals,0,0,1,0,1,0,3.291666667,4.2,3.133333333,3.45,1.9,1,1,26,33.428,2,5,6,5,3,1,3,1,1,1,2,1,2,5,2,1,1,1,1,1,1,1,1,1,1
10678,Memes,0,0,0,1,1,0,2.608333333,2.6,2.066666667,3.15,1.3,1,0,28,35.441,3,3,3,3,1,2,1,1,1,1,1,1,1,3,1,1,1,1,1,1,1,1,1,1,1
10679,Luxury,0,1,0,0,1,0,2.15,1,1,3.3,1.8,1.2,0,46,21.751,1,1,1,1,1,1,1,1,1,1,5,1,1,5,1,1,2,1,1,1,2,1,1,1,1
10680,Control,1,0,0,0,1,0,3.833333333,5,3.666666667,4,3,1,0,40,16.555,5,5,6,6,3,3,1,3,2,3,4,2,4,4,4,1,1,1,1,1,1,1,1,1,1
10681,Animals,0,0,1,0,1,0,4.216666667,5.4,3.933333333,4.5,4,1,1,68,46.729,6,6,6,6,3,4,2,3,5,3,5,3,5,5,5,1,1,1,1,1,1,1,1,1,1
10682,Memes,0,0,0,1,1,0,3.816666667,4.2,3.133333333,4.5,4,1,1,33,42.99,6,5,5,4,1,5,3,4,4,3,4,3,4,5,5,1,1,1,1,1,1,1,1,1,1
10683,Luxury,0,1,0,0,1,0,2.991666667,4.2,3.133333333,2.85,2.4,2.7,1,48,32.126,4,4,4,4,5,3,2,2,1,3,3,1,3,3,3,4,4,1,5,1,2,1,3,1,5
10684,Animals,0,0,1,0,1,0,2.8,2.8,2.2,3.4,1.8,1,0,26,25.076,3,3,3,3,2,2,1,1,2,1,3,1,1,3,3,1,1,1,1,1,1,1,1,1,1
10685,Memes,0,0,0,1,1,0,2.225,1,1,3.45,1.9,1,1,22,25.324,1,1,1,1,1,4,2,1,1,1,3,1,1,4,1,1,1,1,1,1,1,1,1,1,1
10686,Memes,0,0,0,1,1,0,2.375,2.2,1.8,2.95,1.6,1.7,1,29,38.081,1,1,5,2,2,2,2,1,1,2,1,2,1,2,2,2,1,3,3,1,1,1,1,2,2
10687,Memes,0,0,0,1,1,0,4.591666667,6.6,4.733333333,4.45,4.3,1.4,0,33,55.168,7,7,7,6,6,4,5,5,4,4,4,4,5,4,4,1,1,1,1,1,5,1,1,1,1
10688,Control,1,0,0,0,1,0,2.425,1,1,3.85,2.7,1,0,36,13.342,1,1,1,1,1,3,2,3,1,3,3,3,3,3,3,1,1,1,1,1,1,1,1,1,1
10689,Luxury,0,1,0,0,1,0,2.275,1,1,3.55,3,1.9,0,42,79.237,1,1,1,1,1,3,5,2,2,1,5,2,4,5,1,4,2,1,2,1,4,1,1,1,2
10690,Control,1,0,0,0,1,0,2.9,3.4,2.6,3.2,2.5,2.1,0,27,7.163,3,4,4,3,3,2,2,3,2,2,2,2,3,4,3,2,2,2,1,2,3,2,2,2,3
10691,Luxury,0,1,0,0,1,0,3.675,5.8,4.2,3.15,4.5,4.2,1,23,8.916,5,5,6,7,6,5,5,4,5,5,5,3,4,5,4,4,5,4,5,5,4,4,4,4,3
10692,Luxury,0,1,0,0,1,0,4.15,5.2,3.8,4.5,4,1,0,59,27.012,6,6,6,6,2,4,3,4,5,4,5,3,4,4,4,1,1,1,1,1,1,1,1,1,1
10693,Animals,0,0,1,0,1,0,3.441666667,4.2,3.133333333,3.75,2.5,1,0,32,142.864,5,5,5,5,1,4,2,3,2,3,1,1,3,4,2,1,1,1,1,1,1,1,1,1,1
10694,Animals,0,0,1,0,1,0,2.708333333,2.6,2.066666667,3.35,1.7,1,0,49,45.514,2,4,2,3,2,2,1,2,1,1,3,1,2,3,1,1,1,1,1,1,1,1,1,1,1
10695,Memes,0,0,0,1,1,0,4.091666667,6,4.333333333,3.85,3.3,1.6,0,22,123.348,7,6,6,5,6,3,4,2,4,3,3,3,3,4,4,1,1,2,1,2,2,1,1,4,1
10696,Memes,0,0,0,1,1,0,3.541666667,4.8,3.533333333,3.55,2.1,1,1,35,45.246,5,5,6,6,2,3,1,1,1,1,4,1,3,5,1,1,1,1,1,1,1,1,1,1,1
10697,Control,1,0,0,0,1,0,2.266666667,1.8,1.533333333,3,1.7,1.7,1,40,2.069,3,1,2,2,1,2,3,2,2,2,1,2,1,1,1,1,2,2,1,2,2,1,2,1,3
10698,Control,1,0,0,0,1,0,5,7,5,5,5,1,0,26,4.456,7,7,7,7,7,5,5,5,5,5,5,5,5,5,5,1,1,1,1,1,1,1,1,1,1
10699,Luxury,0,1,0,0,1,0,3.15,3.4,2.6,3.7,2.5,1.1,0,40,22.076,3,3,4,5,2,2,1,3,2,3,4,1,2,4,3,1,1,1,1,1,2,1,1,1,1
10700,Animals,0,0,1,0,1,0,2.7,2.8,2.2,3.2,1.8,1.4,1,26,23.468,3,3,3,3,2,3,1,1,2,1,2,1,3,3,1,2,2,1,1,1,2,2,1,1,1
10701,Control,1,0,0,0,1,0,2.05,1,1,3.1,1.5,1.3,1,30,8.49,1,1,1,1,1,1,1,1,1,1,2,1,2,3,2,1,1,1,1,1,3,1,1,2,1
10702,Animals,0,0,1,0,1,0,4.208333333,5.6,4.066666667,4.35,3.7,1,1,23,10.834,6,5,6,6,5,4,1,1,5,4,4,5,5,4,4,1,1,1,1,1,1,1,1,1,1
10703,Control,1,0,0,0,1,0,2.175,1,1,3.35,1.7,1,1,33,17.353,1,1,1,1,1,3,1,1,1,1,3,1,1,4,1,1,1,1,1,1,1,1,1,1,1
10704,Memes,0,0,0,1,1,0,4.825,7,5,4.65,4.3,1,1,60,67.166,7,7,7,7,7,5,4,4,4,3,5,4,4,5,5,1,1,1,1,1,1,1,1,1,1
10705,Memes,0,0,0,1,1,0,4.625,6.4,4.6,4.65,4.7,1.4,0,54,135.474,6,6,7,7,6,5,5,5,5,3,5,4,5,5,5,5,1,1,1,1,1,1,1,1,1
10706,Animals,0,0,1,0,1,0,4.141666667,5.4,3.933333333,4.35,3.7,1,0,38,19.179,5,6,5,5,6,4,3,3,2,2,5,4,4,5,5,1,1,1,1,1,1,1,1,1,1
10707,Luxury,0,1,0,0,1,0,3.091666667,3,2.333333333,3.85,2.7,1,0,45,47.31,4,2,4,4,1,4,1,1,2,1,4,2,3,5,4,1,1,1,1,1,1,1,1,1,1
10708,Memes,0,0,0,1,1,0,3,4,3,3,1,1,0,22,48.768,4,4,4,4,4,1,1,1,1,1,1,1,1,1,1,1,1,1,1,1,1,1,1,1,1
10709,Luxury,0,1,0,0,1,0,3.466666667,4.2,3.133333333,3.8,2.6,1,0,33,9.4,4,5,5,5,2,2,1,2,2,2,4,2,3,4,4,1,1,1,1,1,1,1,1,1,1
10710,Animals,0,0,1,0,1,0,3.6,4.6,3.4,3.8,2.6,1,1,39,48.381,5,5,5,5,3,3,1,3,3,3,1,1,3,5,3,1,1,1,1,1,1,1,1,1,1
10711,Control,1,0,0,0,1,0,2.633333333,2.6,2.066666667,3.2,1.5,1.1,0,36,7.684,3,2,4,3,1,1,1,1,2,1,2,1,1,3,2,1,1,1,1,1,2,1,1,1,1
10712,Luxury,0,1,0,0,1,0,2.766666667,3,2.333333333,3.2,1.4,1,1,21,3.711,3,4,2,3,3,1,1,1,1,1,1,1,1,5,1,1,1,1,1,1,1,1,1,1,1
10713,Memes,0,0,0,1,1,0,2.116666667,1.8,1.533333333,2.7,2.3,2.9,1,37,55.922,1,1,1,4,2,4,1,1,1,1,3,3,3,4,2,4,4,1,2,2,4,2,4,4,2
10714,Memes,0,0,0,1,1,0,3.333333333,2.6,2.066666667,4.6,4.2,1,1,46,79.67,2,2,4,3,2,5,2,5,5,4,5,4,5,5,2,1,1,1,1,1,1,1,1,1,1
10715,Control,1,0,0,0,1,0,2.891666667,2.4,1.933333333,3.85,2.9,1.2,0,57,20.016,3,2,3,3,1,4,2,2,2,2,4,3,3,4,3,2,1,1,1,1,2,1,1,1,1
10716,Animals,0,0,1,0,1,0,4.9,7,5,4.8,4.6,1,1,27,18.718,7,7,7,7,7,4,5,5,5,5,5,5,4,4,4,1,1,1,1,1,1,1,1,1,1
10717,Animals,0,0,1,0,1,0,3.883333333,5.6,4.066666667,3.7,2.4,1,1,35,26.387,6,6,6,4,6,4,3,1,1,1,2,4,2,4,2,1,1,1,1,1,1,1,1,1,1
10718,Luxury,0,1,0,0,1,0,3.658333333,4.4,3.266666667,4.05,3.1,1,1,42,91.117,5,5,5,5,2,3,2,3,3,3,3,3,4,4,3,1,1,1,1,1,1,1,1,1,1
10719,Memes,0,0,0,1,1,0,4.258333333,5.6,4.066666667,4.45,4,1.1,1,52,154.366,6,6,6,6,4,5,4,2,5,1,5,4,4,5,5,1,1,1,1,1,1,1,1,2,1
10720,Control,1,0,0,0,1,0,4.775,7,5,4.55,4.1,1,1,51,5.651,7,7,7,7,7,5,4,4,4,3,4,3,5,4,5,1,1,1,1,1,1,1,1,1,1
10721,Memes,0,0,0,1,1,0,3.183333333,3.2,2.466666667,3.9,2.9,1.1,0,30,28.527,3,5,4,3,1,4,3,2,4,2,3,2,2,4,3,1,1,1,1,1,1,1,1,2,1
10722,Luxury,0,1,0,0,1,0,2.941666667,2.4,1.933333333,3.95,2.9,1,1,50,59.03,3,2,4,2,1,2,1,3,4,3,2,3,4,4,3,1,1,1,1,1,1,1,1,1,1
10723,Luxury,0,1,0,0,1,0,3.191666667,3,2.333333333,4.05,3.4,1.3,1,29,1006.986,3,3,2,2,5,4,4,2,4,1,4,5,4,4,2,1,2,1,1,1,1,2,2,1,1
10724,Control,1,0,0,0,1,0,3.208333333,4.4,3.266666667,3.15,1.5,1.2,1,35,2.911,5,5,5,5,2,1,1,1,1,1,3,1,2,3,1,1,2,1,1,1,2,1,1,1,1
10725,Animals,0,0,1,0,1,0,1.95,1,1,2.9,1.6,1.8,1,25,26.545,1,1,1,1,1,1,1,1,1,1,2,1,1,5,2,4,2,1,1,1,2,2,2,1,2
10726,Control,1,0,0,0,1,0,3.5,4,3,4,3,1,1,25,91.482,5,4,4,4,3,5,2,1,5,3,1,1,5,5,2,1,1,1,1,1,1,1,1,1,1
10727,Luxury,0,1,0,0,1,0,4.441666667,6,4.333333333,4.55,4.1,1,0,29,24.527,6,6,6,6,6,5,3,5,4,3,3,4,5,5,4,1,1,1,1,1,1,1,1,1,1
10728,Memes,0,0,0,1,1,0,2.708333333,2.6,2.066666667,3.35,1.7,1,0,25,34.188,3,3,3,3,1,2,1,1,1,1,3,1,1,3,3,1,1,1,1,1,1,1,1,1,1
10729,Luxury,0,1,0,0,1,0,3.075,2.8,2.2,3.95,2.9,1,1,36,86.464,1,2,4,6,1,1,1,5,2,1,5,1,5,5,3,1,1,1,1,1,1,1,1,1,1
10730,Animals,0,0,1,0,1,0,3.883333333,5,3.666666667,4.1,3.2,1,1,59,37.141,5,6,6,5,3,4,2,4,3,1,4,4,3,4,3,1,1,1,1,1,1,1,1,1,1
10731,Control,1,0,0,0,1,0,2.1,1,1,3.2,1.4,1,1,47,37.196,1,1,1,1,1,2,1,1,1,1,2,1,2,2,1,1,1,1,1,1,1,1,1,1,1
10732,Memes,0,0,0,1,1,0,3.633333333,5,3.666666667,3.6,2.2,1,1,29,29.205,5,5,5,5,5,3,2,1,3,1,3,2,2,2,3,1,1,1,1,1,1,1,1,1,1
10733,Animals,0,0,1,0,1,0,3.916666667,4.8,3.533333333,4.3,3.8,1.2,0,41,36.427,7,2,7,7,1,4,2,3,3,4,5,4,5,5,3,1,1,1,1,1,1,1,2,2,1
10734,Memes,0,0,0,1,1,0,2.525,2.2,1.8,3.25,1.7,1.2,1,44,93.34,2,2,2,2,3,2,1,1,1,1,1,2,1,5,2,1,2,1,1,1,1,1,2,1,1
10735,Control,1,0,0,0,1,0,2.941666667,4.8,3.533333333,2.35,2.4,3.7,1,34,44.223,6,3,5,4,6,3,3,2,2,1,5,1,2,4,1,4,4,2,4,3,5,5,3,3,4
10736,Animals,0,0,1,0,1,0,4.225,5.8,4.2,4.25,3.7,1.2,0,34,113.851,5,6,6,6,6,4,4,3,5,3,4,4,4,3,3,2,1,1,2,1,1,1,1,1,1
10737,Animals,0,0,1,0,1,0,2.758333333,2.6,2.066666667,3.45,1.9,1,0,29,13.344,2,3,3,3,2,3,1,1,3,2,1,2,3,2,1,1,1,1,1,1,1,1,1,1,1
10738,Luxury,0,1,0,0,1,0,3.483333333,5.6,4.066666667,2.9,3.8,4,1,35,35.497,6,4,6,7,5,4,4,3,5,3,3,4,4,3,5,4,5,4,5,3,4,5,3,3,4
10739,Memes,0,0,0,1,1,0,3.125,4,3,3.25,2,1.5,1,30,52.481,4,4,4,5,3,3,1,1,1,1,3,1,5,3,1,2,2,1,1,1,1,1,2,3,1
10740,Memes,0,0,0,1,0,1,,,,,,,,,38.2,,,,,,,,,,,,,,,,,,,,,,,,,
10741,Control,1,0,0,0,1,0,2.783333333,2,1.666666667,3.9,3,1.2,1,45,6.99,1,1,3,4,1,3,3,3,4,1,3,3,3,4,3,1,1,1,1,1,3,1,1,1,1
10742,Memes,0,0,0,1,1,0,3.891666667,4.8,3.533333333,4.25,3.6,1.1,1,39,110.501,6,5,5,6,2,4,4,4,4,4,4,3,4,4,1,1,1,1,1,1,2,1,1,1,1
10743,Memes,0,0,0,1,1,0,2.541666667,1.2,1.133333333,3.95,2.9,1,1,23,31.673,1,1,2,1,1,4,3,2,4,1,3,3,3,3,3,1,1,1,1,1,1,1,1,1,1
10744,Control,1,0,0,0,1,0,3.125,4,3,3.25,2.8,2.3,0,36,18.736,3,4,5,5,3,3,3,3,2,3,3,2,3,3,3,3,3,2,2,2,2,2,3,2,2
10745,Luxury,0,1,0,0,1,0,4.05,5.8,4.2,3.9,3.1,1.3,0,42,68.373,6,6,6,6,5,4,2,3,3,2,5,3,3,2,4,3,1,1,1,1,2,1,1,1,1
10746,Memes,0,0,0,1,1,0,2.508333333,3.2,2.466666667,2.55,1.8,2.7,0,18,8.786,4,2,3,4,3,1,3,2,2,2,1,1,2,2,2,2,3,2,2,3,4,3,3,3,2
10747,Luxury,0,1,0,0,1,0,3.883333333,5,3.666666667,4.1,3.2,1,0,31,32.672,5,5,5,5,5,3,4,4,3,2,3,3,3,4,3,1,1,1,1,1,1,1,1,1,1
10748,Luxury,0,1,0,0,1,0,2.9,2.8,2.2,3.6,3.3,2.1,0,27,21.267,2,6,3,2,1,1,5,4,4,1,4,1,4,4,5,2,2,1,2,2,3,1,2,4,2
10749,Control,1,0,0,0,1,0,4.091666667,6,4.333333333,3.85,2.7,1,0,30,7.739,5,6,7,6,6,4,3,3,2,2,4,2,2,4,1,1,1,1,1,1,1,1,1,1,1
10750,Memes,0,0,0,1,1,0,2.45,1,1,3.9,3.1,1.3,1,52,111.596,1,1,1,1,1,3,3,3,4,3,3,3,3,3,3,2,1,1,1,1,1,1,3,1,1
10751,Control,1,0,0,0,1,0,2.266666667,1.8,1.533333333,3,1,1,0,28,9.416,2,2,2,2,1,1,1,1,1,1,1,1,1,1,1,1,1,1,1,1,1,1,1,1,1
10752,Luxury,0,1,0,0,1,0,4.583333333,6.8,4.866666667,4.3,4.1,1.5,0,29,390.546,7,6,7,7,7,5,1,5,3,5,4,5,5,4,4,2,1,4,1,1,1,1,1,2,1
10753,Memes,0,0,0,1,1,0,2.05,1,1,3.1,1.2,1,1,28,35.654,1,1,1,1,1,2,1,1,1,1,1,1,1,2,1,1,1,1,1,1,1,1,1,1,1
10754,Control,1,0,0,0,1,0,4.55,7,5,4.1,3.8,1.6,1,37,9.578,7,7,7,7,7,5,4,4,4,4,4,2,5,2,4,2,2,1,2,1,1,1,1,4,1
10755,Memes,0,0,0,1,1,0,4.675,7,5,4.35,3.7,1,0,26,57.052,7,7,7,7,7,4,3,3,5,4,4,3,4,3,4,1,1,1,1,1,1,1,1,1,1
10756,Control,1,0,0,0,0,1,,,,,,,,,9.437,,,,,,,,,,,,,,,,,,,,,,,,,
10757,Memes,0,0,0,1,1,0,3.983333333,6.2,4.466666667,3.5,2.1,1.1,1,35,53.528,6,6,6,6,7,4,3,1,3,1,3,1,1,3,1,1,1,1,1,1,1,1,2,1,1
10758,Animals,0,0,1,0,0,1,,,,,,,,,5.423,,,,,,,,,,,,,,,,,,,,,,,,,
10759,Memes,0,0,0,1,0,1,3.75,,,3.75,2.5,1,,,915.078,,,,,,4,2,2,3,1,2,3,2,3,3,1,1,1,1,1,1,1,1,1,1
10760,,,,,,0,0,,,,,,,,,,,,,,,,,,,,,,,,,,,,,,,,,,
10761,Memes,0,0,0,1,0,1,,,,,,,,,3.203,,,,,,,,,,,,,,,,,,,,,,,,,
10762,Memes,0,0,0,1,1,0,4.266666667,6,4.333333333,4.2,3.4,1,0,41,192.066,6,6,6,6,6,5,5,1,4,5,1,4,4,1,4,1,1,1,1,1,1,1,1,1,1
10763,Animals,0,0,1,0,1,0,3.633333333,5,3.666666667,3.6,3.8,2.6,0,37,15.833,5,4,5,5,6,4,4,4,3,4,4,4,3,4,4,2,2,2,4,2,3,4,2,3,2
10764,Luxury,0,1,0,0,1,0,3.375,4.6,3.4,3.35,3.2,2.5,0,33,57.657,4,5,4,5,5,3,3,3,4,3,4,2,3,3,4,3,2,2,2,2,3,3,2,3,3
10765,Control,1,0,0,0,1,0,3.05,3.4,2.6,3.5,3.2,2.2,1,25,8.905,3,3,4,4,3,3,3,3,3,3,4,3,3,4,3,2,2,3,2,1,2,2,3,3,2
10766,Animals,0,0,1,0,0,1,3.45,,,3.45,1.9,1,,,7.935,,,,,,2,1,1,2,1,3,2,3,2,2,1,1,1,1,1,1,1,1,1,1
10767,Luxury,0,1,0,0,1,0,3.475,4.6,3.4,3.55,2.1,1,1,24,24.611,4,5,5,4,5,2,1,2,2,2,3,1,2,4,2,1,1,1,1,1,1,1,1,1,1
10768,Animals,0,0,1,0,0,1,,,,,,,,,10.062,,,,,,,,,,,,,,,,,,,,,,,,,
10769,,,,,,0,0,,,,,,,,,,,,,,,,,,,,,,,,,,,,,,,,,,
10770,Luxury,0,1,0,0,0,1,,,,,,,,,7.979,,,,,,,,,,,,,,,,,,,,,,,,,
10771,Control,1,0,0,0,1,0,3.366666667,4.8,3.533333333,3.2,4.3,3.9,0,29,6.896,4,5,5,6,4,4,4,4,5,4,4,3,5,5,5,5,3,5,3,3,4,3,5,4,4
10772,Luxury,0,1,0,0,0,1,,,,,,,,,5.061,,,,,,,,,,,,,,,,,,,,,,,,,
10773,Animals,0,0,1,0,1,0,3.758333333,5,3.666666667,3.85,2.8,1.1,0,23,7.135,4,5,5,6,5,3,3,2,3,3,1,3,3,3,4,1,1,1,1,1,1,1,1,2,1
10774,Luxury,0,1,0,0,1,0,2.75,1,1,4.5,4,1,1,63,34.054,1,1,1,1,1,4,4,4,4,4,4,4,4,4,4,1,1,1,1,1,1,1,1,1,1
10775,,,,,,0,0,,,,,,,,,,,,,,,,,,,,,,,,,,,,,,,,,,
10776,Luxury,0,1,0,0,1,0,4.141666667,6,4.333333333,3.95,2.9,1,1,42,18.72,6,6,6,6,6,3,2,2,3,3,4,2,3,4,3,1,1,1,1,1,1,1,1,1,1
10777,Luxury,0,1,0,0,1,0,4.383333333,6.2,4.466666667,4.3,3.7,1.1,1,37,19.468,6,6,6,6,7,4,4,4,4,3,2,4,4,4,4,1,1,1,1,1,1,1,2,1,1
10778,Luxury,0,1,0,0,1,0,3.55,4.6,3.4,3.7,2.9,1.5,1,46,40.851,5,4,5,5,4,4,2,4,4,1,3,1,3,4,3,1,2,1,1,2,1,1,1,4,1
10779,Control,1,0,0,0,0,1,,,,,,,,,4.339,,,,,,,,,,,,,,,,,,,,,,,,,
10780,Memes,0,0,0,1,1,0,4.825,7,5,4.65,4.3,1,1,29,71.135,7,7,7,7,7,5,2,3,5,3,5,5,5,5,5,1,1,1,1,1,1,1,1,1,1
10781,Memes,0,0,0,1,1,0,4.116666667,5.4,3.933333333,4.3,3.9,1.3,1,35,62.519,6,5,6,6,4,4,4,4,4,4,4,4,4,4,3,1,1,1,4,1,1,1,1,1,1
10782,Memes,0,0,0,1,1,0,2.5,1.6,1.4,3.6,3,1.8,0,36,57.172,3,2,1,1,1,4,4,3,4,2,4,1,2,4,2,4,2,1,1,1,2,1,2,3,1
10783,Luxury,0,1,0,0,1,0,3.833333333,5.6,4.066666667,3.6,2.3,1.1,1,35,6.541,5,6,7,6,4,4,2,1,1,2,4,1,1,4,3,1,1,1,1,1,2,1,1,1,1
10784,Luxury,0,1,0,0,1,0,3.95,4.6,3.4,4.5,4.1,1.1,1,58,68.901,6,5,6,5,1,5,3,4,4,4,5,4,4,4,4,1,1,1,1,1,1,1,2,1,1
10785,Luxury,0,1,0,0,1,0,3.883333333,5,3.666666667,4.1,3.2,1,0,33,35.496,5,4,6,5,5,3,3,3,3,3,4,3,3,5,2,1,1,1,1,1,1,1,1,1,1
10786,Control,1,0,0,0,1,0,4.091666667,5.4,3.933333333,4.25,3.5,1,1,62,8.024,6,5,6,6,4,4,3,3,4,4,4,3,4,3,3,1,1,1,1,1,1,1,1,1,1
10787,,,,,,0,0,,,,,,,,,,,,,,,,,,,,,,,,,,,,,,,,,,
10788,Luxury,0,1,0,0,0,1,,,,,,,,,18.675,,,,,,,,,,,,,,,,,,,,,,,,,
10789,Animals,0,0,1,0,1,0,4.25,5.8,4.2,4.3,3.8,1.2,0,26,25.378,6,6,6,6,5,3,4,3,4,4,3,4,4,5,4,1,1,1,1,1,1,1,2,2,1
10790,,,,,,0,0,,,,,,,,,,,,,,,,,,,,,,,,,,,,,,,,,,
10791,Luxury,0,1,0,0,1,0,2.291666667,1.8,1.533333333,3.05,1.6,1.5,0,47,181.499,2,2,2,2,1,1,1,1,1,2,3,1,2,3,1,2,2,1,1,1,2,1,2,2,1
10792,Animals,0,0,1,0,1,0,3.791666667,4.8,3.533333333,4.05,3.1,1,0,27,6.949,5,5,6,5,3,3,4,2,4,3,2,3,3,4,3,1,1,1,1,1,1,1,1,1,1
10793,Memes,0,0,0,1,1,0,2.233333333,2,1.666666667,2.8,1.6,2,1,32,36.756,2,2,2,2,2,4,1,1,1,1,1,1,3,2,1,2,1,2,1,2,2,1,4,4,1
10794,Memes,0,0,0,1,1,0,3.933333333,5.6,4.066666667,3.8,2.6,1,0,30,47.687,5,5,6,6,6,2,2,3,2,3,3,2,2,4,3,1,1,1,1,1,1,1,1,1,1
10795,Control,1,0,0,0,1,0,2.983333333,2.6,2.066666667,3.9,3.2,1.4,1,60,31.041,2,3,2,4,2,4,3,2,3,3,4,3,3,4,3,1,1,1,1,2,2,1,2,2,1
10796,Luxury,0,1,0,0,1,0,3.833333333,5.6,4.066666667,3.6,2.8,1.6,1,44,63.778,5,5,6,6,6,2,1,4,1,3,4,2,3,5,3,3,2,1,1,1,3,2,1,1,1
10797,Control,1,0,0,0,1,0,5,7,5,5,5,1,1,35,124.401,7,7,7,7,7,5,5,5,5,5,5,5,5,5,5,1,1,1,1,1,1,1,1,1,1
10798,Animals,0,0,1,0,1,0,2.766666667,3.6,2.733333333,2.8,1.5,1.9,1,32,20.365,4,4,3,4,3,2,1,1,1,1,2,2,2,2,1,2,2,1,3,2,2,1,3,1,2
10799,Animals,0,0,1,0,1,0,4.166666667,6,4.333333333,4,3,1,1,36,20.579,6,6,6,6,6,3,3,3,3,3,3,3,3,3,3,1,1,1,1,1,1,1,1,1,1
10800,Animals,0,0,1,0,1,0,3.816666667,6,4.333333333,3.3,1.6,1,1,51,19.953,7,6,7,6,4,3,2,1,2,2,1,1,1,2,1,1,1,1,1,1,1,1,1,1,1
10801,Memes,0,0,0,1,1,0,2.45,1,1,3.9,3.1,1.3,0,42,120.575,1,1,1,1,1,3,2,3,3,3,3,3,4,4,3,1,1,1,1,1,3,2,1,1,1
10802,Animals,0,0,1,0,1,0,3.816666667,4.2,3.133333333,4.5,4.8,1.8,1,56,19.775,4,3,4,6,4,5,5,5,4,5,5,4,5,5,5,2,1,2,2,2,2,3,1,1,2
10803,Memes,0,0,0,1,1,0,2.941666667,3.6,2.733333333,3.15,3.4,3.1,1,30,11.486,4,4,4,3,3,4,3,3,3,3,4,4,3,4,3,4,3,2,3,3,4,2,2,5,3
10804,Control,1,0,0,0,1,0,3.833333333,5,3.666666667,4,3,1,1,48,25.516,5,5,5,5,5,4,3,4,2,1,4,1,3,4,4,1,1,1,1,1,1,1,1,1,1
10805,Control,1,0,0,0,1,0,4.291666667,6,4.333333333,4.25,3.5,1,1,56,6.386,6,6,7,6,5,4,2,2,4,3,5,4,3,5,3,1,1,1,1,1,1,1,1,1,1
10806,Memes,0,0,0,1,1,0,2.725,2.8,2.2,3.25,1.5,1,1,37,79.524,2,3,3,3,3,2,1,1,1,1,3,1,1,3,1,1,1,1,1,1,1,1,1,1,1
10807,Animals,0,0,1,0,0,1,,,,,,,,,1.86,,,,,,,,,,,,,,,,,,,,,,,,,
10808,Control,1,0,0,0,1,0,2.916666667,3.6,2.733333333,3.1,2.2,2,0,24,5.631,4,5,4,3,2,3,2,2,2,2,2,1,3,2,3,2,1,2,2,2,2,2,2,3,2
10809,Control,1,0,0,0,1,0,3.466666667,4.8,3.533333333,3.4,2.6,1.8,1,28,11.66,6,5,5,4,4,1,4,1,3,3,3,4,2,3,2,2,2,2,2,2,2,2,2,1,1
10810,Luxury,0,1,0,0,1,0,3.791666667,5.4,3.933333333,3.65,2.6,1.3,1,39,24.72,5,6,6,6,4,1,1,2,2,3,4,3,3,4,3,1,1,2,1,2,2,1,1,1,1
10811,,,,,,0,0,,,,,,,,,,,,,,,,,,,,,,,,,,,,,,,,,,
10812,Control,1,0,0,0,1,0,4.5,6.4,4.6,4.4,3.8,1,0,20,27.566,7,7,7,7,4,3,5,3,5,3,3,3,3,5,5,1,1,1,1,1,1,1,1,1,1
10813,Animals,0,0,1,0,1,0,2.766666667,2.4,1.933333333,3.6,2.2,1,1,23,25.785,3,5,2,1,1,4,2,2,2,1,3,2,1,4,1,1,1,1,1,1,1,1,1,1,1
10814,Memes,0,0,0,1,1,0,3.708333333,5,3.666666667,3.75,2.5,1,1,24,15.794,5,5,5,5,5,3,1,1,2,1,4,2,5,5,1,1,1,1,1,1,1,1,1,1,1
10815,Animals,0,0,1,0,1,0,3.925,5.2,3.8,4.05,3.1,1,1,20,7.03,5,5,7,5,4,5,4,1,4,2,4,1,1,5,4,1,1,1,1,1,1,1,1,1,1
10816,Animals,0,0,1,0,1,0,4.3,5.2,3.8,4.8,4.6,1,0,40,41.722,4,7,4,7,4,5,5,5,5,3,5,5,3,5,5,1,1,1,1,1,1,1,1,1,1
10817,Control,1,0,0,0,0,1,,,,,,,,,2.911,,,,,,,,,,,,,,,,,,,,,,,,,
10818,,,,,,0,0,,,,,,,,,,,,,,,,,,,,,,,,,,,,,,,,,,
10819,Control,1,0,0,0,1,0,3.825,5.2,3.8,3.85,2.7,1,0,25,3.634,5,7,5,6,3,3,2,2,2,2,4,3,4,3,2,1,1,1,1,1,1,1,1,1,1
10820,,,,,,0,0,,,,,,,,,,,,,,,,,,,,,,,,,,,,,,,,,,
10821,Memes,0,0,0,1,1,0,3.4,4,3,3.8,2.6,1,0,26,49.675,3,5,5,5,2,4,2,3,3,2,3,1,1,4,3,1,1,1,1,1,1,1,1,1,1
10822,Luxury,0,1,0,0,1,0,3.758333333,4.4,3.266666667,4.25,3.5,1,1,35,19.074,4,5,4,5,4,5,3,2,3,2,4,4,5,4,3,1,1,1,1,1,1,1,1,1,1
10823,Animals,0,0,1,0,1,0,4.125,5.2,3.8,4.45,4.5,1.6,1,30,129.31,5,6,4,5,6,5,4,5,3,5,5,4,4,5,5,1,1,2,1,4,1,1,1,2,2
,,,,,,,,,,,,,,,,,,,,,,,,,,,,,,,,,,,,,,,,,